Rk,Player,Pos,Age,Tm,G,GS,MP,FG,FGA,FG%,3P,3PA,3P%,2P,2PA,2P%,eFG%,FT,FTA,FT%,ORB,DRB,TRB,AST,STL,BLK,TOV,PF,PTS
1,Precious Achiuwa\achiupr01,PF,21,MIA,49,2,12.3,2.1,3.8,0.559,0,0,,2.1,3.8,0.559,0.559,1,2,0.505,1.3,2.3,3.6,0.5,0.3,0.5,0.8,1.6,5.3
2,Jaylen Adams\adamsja01,PG,24,MIL,7,0,2.6,0.1,1.1,0.125,0,0.3,0,0.1,0.9,0.167,0.125,0,0,,0,0.4,0.4,0.3,0,0,0,0.1,0.3
3,Steven Adams\adamsst01,C,27,NOP,47,47,27.9,3.4,5.6,0.618,0,0.1,0,3.4,5.5,0.625,0.618,1,2.4,0.441,4,4.9,8.9,1.9,0.9,0.6,1.5,2,7.9
4,Bam Adebayo\adebaba01,C,23,MIA,46,46,33.5,7.2,12.8,0.563,0,0.2,0.25,7.2,12.7,0.567,0.564,4.6,5.6,0.819,2.4,7.2,9.5,5.4,0.9,1.2,2.6,2.3,19.1
5,LaMarcus Aldridge\aldrila01,C,35,TOT,25,22,26.1,5.4,11.5,0.469,1.2,3.2,0.388,4.2,8.3,0.5,0.523,1.6,1.8,0.867,0.7,3.9,4.6,1.9,0.4,1,1,1.8,13.6
5,LaMarcus Aldridge\aldrila01,C,35,SAS,21,18,25.9,5.5,11.8,0.464,1.3,3.6,0.36,4.2,8.2,0.509,0.518,1.5,1.8,0.838,0.8,3.7,4.5,1.7,0.4,0.9,1,1.7,13.7
5,LaMarcus Aldridge\aldrila01,F-C,35,BRK,4,4,27,5,10,0.5,1,1.3,0.8,4,8.8,0.457,0.55,2,2,1,0.3,5,5.3,2.8,0.8,2,1.3,2,13
6,Ty-Shon Alexander\alexaty01,SG,22,PHO,6,0,2.7,0.2,1,0.167,0.2,0.7,0.25,0,0.3,0,0.25,0.2,0.3,0.5,0,0.3,0.3,0.2,0,0,0,0.2,0.7
7,Nickeil Alexander-Walker\alexani01,SG,22,NOP,41,10,20.8,3.9,9.2,0.418,1.6,4.6,0.348,2.3,4.7,0.487,0.504,1,1.3,0.75,0.2,2.8,3.1,2,1,0.5,1.4,1.9,10.2
8,Grayson Allen\allengr01,SG,25,MEM,36,24,24.4,3.5,8.1,0.428,2.2,5.4,0.402,1.3,2.7,0.48,0.562,1.5,1.7,0.902,0.4,2.8,3.3,2.1,1,0.2,0.9,1.3,10.6
9,Jarrett Allen\allenja01,C,22,TOT,44,26,28.7,4.8,7.5,0.633,0.1,0.3,0.417,4.6,7.2,0.642,0.641,3.5,4.9,0.704,3,6.9,9.9,1.7,0.5,1.7,1.5,1.6,13.1
9,Jarrett Allen\allenja01,C,22,BRK,12,5,26.7,3.7,5.4,0.677,0,0,,3.7,5.4,0.677,0.677,3.8,5.1,0.754,3.2,7.3,10.4,1.7,0.6,1.6,1.8,1.8,11.2
9,Jarrett Allen\allenja01,C,22,CLE,32,21,29.4,5.2,8.3,0.623,0.2,0.4,0.417,5,7.9,0.632,0.632,3.3,4.8,0.684,3,6.7,9.7,1.7,0.4,1.7,1.3,1.5,13.8
10,Al-Farouq Aminu\aminual01,PF,30,TOT,18,14,21.1,2,5,0.4,0.4,1.8,0.219,1.6,3.2,0.5,0.439,0.9,1.1,0.842,1.1,4.2,5.3,1.6,0.9,0.5,1.5,1.3,5.3
10,Al-Farouq Aminu\aminual01,PF,30,ORL,17,14,21.6,2.1,5.2,0.404,0.4,1.8,0.226,1.7,3.4,0.5,0.444,0.8,1,0.824,1.2,4.2,5.4,1.7,1,0.5,1.5,1.3,5.5
10,Al-Farouq Aminu\aminual01,PF,30,CHI,1,0,12,0,1,0,0,1,0,0,0,,0,2,2,1,0,5,5,0,0,0,2,2,2
11,Kyle Anderson\anderky01,PF,27,MEM,47,47,27.1,4.6,9.7,0.478,1.4,3.8,0.367,3.2,5.9,0.549,0.55,1.9,2.6,0.758,0.7,5.2,5.9,3.5,1.2,0.8,1.3,1.5,12.6
12,Giannis Antetokounmpo\antetgi01,PF,26,MIL,45,45,34,10.4,18.4,0.565,1.1,3.8,0.302,9.3,14.7,0.632,0.595,6.8,9.9,0.687,1.8,9.6,11.4,6.2,1.1,1.3,3.8,2.9,28.8
13,Kostas Antetokounmpo\antetko01,PF,23,LAL,10,0,3.6,0.2,0.5,0.4,0,0,,0.2,0.5,0.4,0.4,0.2,0.6,0.333,0.2,1,1.2,0,0.2,0.3,0.8,0.5,0.6
14,Thanasis Antetokounmpo\antetth01,SF,28,MIL,39,1,10.3,1.4,2.5,0.577,0.2,0.5,0.333,1.3,1.9,0.645,0.613,0.4,0.7,0.483,1,1.4,2.4,0.8,0.4,0.2,0.8,1.4,3.4
15,Carmelo Anthony\anthoca01,PF,36,POR,50,3,25.4,4.8,11.6,0.409,1.7,4.6,0.378,3,7,0.429,0.484,2.2,2.5,0.871,0.5,2.7,3.2,1.6,0.8,0.6,1,2.2,13.4
16,Cole Anthony\anthoco01,PG,20,ORL,26,17,26.7,4.1,10.9,0.375,1.1,3.3,0.333,3,7.5,0.393,0.426,1.8,2.2,0.825,0.8,3.5,4.3,3.9,0.7,0.4,2,2,11.1
17,OG Anunoby\anunoog01,SF,23,TOR,34,34,33,5.3,11.3,0.47,2.2,5.8,0.388,3.1,5.5,0.556,0.569,1.7,2.3,0.747,1.5,4.3,5.7,2,1.6,0.8,1.7,2.7,14.6
18,Ryan Arcidiacono\arcidry01,PG,26,CHI,31,0,10.7,1.1,2.8,0.379,0.5,1.6,0.314,0.5,1.2,0.472,0.471,0.4,0.5,0.75,0.1,1.4,1.5,1.4,0.2,0,0.2,1.1,3
19,Trevor Ariza\arizatr01,SF,35,MIA,11,8,24.9,2.2,6.9,0.316,1,3.8,0.262,1.2,3.1,0.382,0.388,1.4,1.7,0.789,0.5,3.4,3.8,1.5,0.5,0.6,0.5,1.4,6.7
20,D.J. Augustin\augusdj01,PG,33,TOT,48,6,19.5,2.2,5.6,0.384,1.3,3.5,0.371,0.9,2.1,0.406,0.5,1.3,1.4,0.923,0.4,1.3,1.6,3.2,0.5,0,1.1,1,6.9
20,D.J. Augustin\augusdj01,PG,33,MIL,37,6,19.3,1.9,5.2,0.37,1.3,3.5,0.38,0.6,1.7,0.349,0.497,1,1.1,0.9,0.3,1.1,1.4,3,0.5,0,0.9,0.9,6.1
20,D.J. Augustin\augusdj01,PG,33,HOU,11,0,20.4,3,7.2,0.418,1.3,3.7,0.341,1.7,3.5,0.5,0.506,2.2,2.3,0.96,0.6,2,2.6,4,0.5,0,1.6,1.3,9.5
21,Deni Avdija\avdijde01,SF,20,WAS,46,24,23.5,2.5,6,0.427,1.1,3.3,0.327,1.5,2.7,0.548,0.516,0.5,0.7,0.647,0.4,4.5,5,1.2,0.5,0.2,0.7,2.7,6.6
22,Deandre Ayton\aytonde01,C,22,PHO,51,51,30.7,6.4,10.5,0.614,0.1,0.4,0.211,6.3,10.1,0.628,0.617,2,2.6,0.767,3.3,7.5,10.8,1.5,0.4,1.2,1.7,3,14.9
23,Udoka Azubuike\azubuud01,C,21,UTA,12,0,4.1,0.3,0.6,0.571,0,0,,0.3,0.6,0.571,0.571,0.3,0.5,0.667,0.3,0.8,1.1,0,0.1,0.3,0.3,0.7,1
24,Dwayne Bacon\bacondw01,SG,25,ORL,51,33,25.5,3.8,9.7,0.396,0.9,3,0.312,2.9,6.6,0.434,0.444,1.8,2.1,0.833,0.3,2.7,3,1.2,0.5,0.1,0.7,1.6,10.4
25,Marvin Bagley III\baglema01,PF,21,SAC,37,37,25.7,5.6,11.2,0.502,0.9,2.6,0.354,4.7,8.6,0.547,0.543,1.6,2.9,0.56,2.5,5,7.4,0.9,0.5,0.5,1.3,2.4,13.9
26,LaMelo Ball\ballla01,PG,19,CHO,41,21,28.6,5.8,12.8,0.451,2,5.3,0.375,3.8,7.6,0.503,0.528,2.4,3,0.789,1.3,4.5,5.9,6.1,1.6,0.3,2.8,2.8,15.9
27,Lonzo Ball\balllo01,PG,23,NOP,41,41,31.7,5.2,12.3,0.424,3.1,8.1,0.384,2.1,4.2,0.5,0.55,0.9,1.2,0.792,0.6,3.6,4.2,5.7,1.4,0.6,2,2,14.5
28,Mo Bamba\bambamo01,C,22,ORL,29,0,12,2.5,5.2,0.48,0.6,1.8,0.34,1.9,3.3,0.557,0.54,0.6,0.9,0.615,1.3,2.9,4.3,0.4,0.2,0.9,0.6,1.7,6.1
29,Desmond Bane\banede01,SG,22,MEM,45,11,22.5,3.6,7.5,0.472,1.7,3.9,0.446,1.8,3.6,0.5,0.587,0.6,0.7,0.848,0.4,2.8,3.1,1.4,0.7,0.2,1,1.9,9.5
30,Harrison Barnes\barneha02,PF,28,SAC,49,49,36,5.3,10.9,0.492,1.5,4.1,0.362,3.9,6.8,0.569,0.559,3.5,4.2,0.829,1.2,5.5,6.7,3.6,0.8,0.2,1.5,1.3,15.6
31,RJ Barrett\barrerj01,SG,20,NYK,52,52,34,6.6,14.7,0.45,1.4,3.6,0.38,5.2,11.1,0.473,0.497,3,4.1,0.735,1.1,4.8,5.9,3,0.7,0.3,2,2.6,17.5
32,Will Barton\bartowi01,SF,30,DEN,48,44,31.2,4.8,11,0.43,1.8,4.6,0.377,3,6.4,0.469,0.509,1.5,2,0.766,0.7,3.5,4.3,3.2,0.9,0.5,1.7,1.6,12.8
33,Keita Bates-Diop\bateske01,SF,25,SAS,16,0,7.4,0.7,2,0.344,0.3,0.9,0.333,0.4,1.1,0.353,0.422,0.4,0.6,0.7,0.3,0.9,1.3,0.4,0.4,0.1,0.1,0.3,2.1
34,Nicolas Batum\batumni01,SF,32,LAC,50,38,28.4,2.9,6.2,0.458,1.7,4.2,0.414,1.1,2,0.549,0.598,0.8,1,0.833,0.8,4.1,4.9,2.4,1.1,0.4,0.8,1.6,8.3
35,Aron Baynes\baynear01,C,34,TOR,49,31,18.4,2.4,5.7,0.432,0.4,1.9,0.237,2,3.8,0.53,0.471,0.6,0.8,0.73,1.7,3.4,5.1,0.9,0.3,0.4,0.9,2.3,5.9
36,Kent Bazemore\bazemke01,SF,31,GSW,49,1,16.6,2.2,4.9,0.45,0.9,2.3,0.4,1.3,2.6,0.496,0.546,0.7,1,0.7,0.3,2.5,2.8,1.5,0.9,0.5,1.1,2.1,6.1
37,Darius Bazley\bazleda01,PF,20,OKC,36,36,30.7,4.4,11.2,0.392,1.5,5.2,0.29,2.9,6,0.479,0.459,1.6,2.3,0.704,0.6,6.9,7.5,1.5,0.5,0.6,1.8,0.9,11.9
38,Bradley Beal\bealbr01,SG,27,WAS,42,42,35.4,11,22.5,0.487,2.2,6.5,0.346,8.7,16,0.544,0.537,7,7.8,0.902,1.1,3.8,4.9,4.8,1.2,0.4,3.3,2.4,31.2
39,Malik Beasley\beaslma01,SG,24,MIN,37,36,32.8,7.1,16.2,0.44,3.5,8.7,0.399,3.7,7.5,0.487,0.547,1.8,2.2,0.85,0.8,3.6,4.4,2.4,0.8,0.2,1.6,1.7,19.6
40,Jordan Bell\belljo01,C,26,WAS,3,1,16.7,1.7,5,0.333,0,0.7,0,1.7,4.3,0.385,0.333,0,0,,1.7,3.7,5.3,1.7,0.3,1,1,1.3,3.3
41,DeAndre' Bembry\bembrde01,SF,26,TOR,35,9,18,2.2,4,0.543,0.3,0.9,0.281,1.9,3.1,0.62,0.575,0.7,1,0.657,0.6,2.1,2.7,2.1,0.8,0.3,1.1,1.7,5.3
42,Dāvis Bertāns\bertada01,PF,28,WAS,38,5,24.4,3.3,8.3,0.402,2.9,7.4,0.395,0.4,0.9,0.457,0.578,1.7,1.9,0.865,0.4,2.5,2.9,0.9,0.6,0.2,0.6,2.4,11.3
43,Patrick Beverley\beverpa01,PG,32,LAC,31,31,23.4,2.6,6.1,0.432,1.7,4,0.416,1,2.1,0.462,0.568,1.1,1.3,0.805,0.9,2.7,3.6,2.1,0.8,0.8,0.9,3.1,8
44,Saddiq Bey\beysa01,SF,21,DET,50,33,24.9,3.5,8.7,0.403,2.3,6,0.379,1.2,2.7,0.456,0.533,1.6,1.8,0.879,0.5,3.5,4,1.3,0.6,0.1,0.7,1.7,10.9
45,Tyler Bey\beyty01,SF,22,DAL,10,0,3.3,0.3,1.1,0.273,0,0.1,0,0.3,1,0.3,0.273,0.2,0.4,0.5,0.5,0.7,1.2,0.1,0,0.1,0,0.4,0.8
46,Khem Birch\birchkh01,C,28,ORL,48,5,19.8,2,4.4,0.45,0.1,0.4,0.19,1.9,3.9,0.479,0.459,1.3,1.8,0.741,2.4,2.6,5.1,1.1,0.7,0.6,0.5,1.4,5.3
47,Goga Bitadze\bitadgo01,C,21,IND,31,1,10.6,1.9,3.9,0.5,0.3,1.3,0.25,1.6,2.6,0.625,0.542,0.7,1.1,0.697,1.2,1.5,2.8,0.7,0.2,1,0.4,1.8,4.9
48,Bismack Biyombo\biyombi01,C,28,CHO,47,28,21.3,2.3,3.9,0.576,0,0,0,2.3,3.9,0.579,0.576,0.8,1.7,0.481,2,3.2,5.2,1.3,0.3,1.1,1,2.4,5.3
49,Nemanja Bjelica\bjeline01,PF,32,TOT,32,1,16.1,2.4,5.4,0.453,0.6,2.3,0.278,1.8,3.1,0.58,0.512,1,1.4,0.733,0.8,2.8,3.6,1.8,0.3,0.1,1,1.9,6.5
49,Nemanja Bjelica\bjeline01,PF,32,SAC,26,1,16.9,2.7,5.8,0.46,0.7,2.2,0.293,2,3.5,0.565,0.517,1.2,1.6,0.762,0.9,2.9,3.8,1.9,0.3,0.1,1.1,1.8,7.2
49,Nemanja Bjelica\bjeline01,PF,32,MIA,6,0,12.5,1.5,3.7,0.409,0.5,2.3,0.214,1,1.3,0.75,0.477,0.2,0.5,0.333,0.2,2.3,2.5,1.3,0.3,0.3,0.5,2.3,3.7
50,Eric Bledsoe\bledser01,SG,31,NOP,50,49,30.1,4.2,10.2,0.416,1.9,5.1,0.365,2.4,5.1,0.467,0.507,1.7,2.4,0.697,0.4,3,3.4,3.8,0.7,0.3,1.6,1.7,12
51,Keljin Blevins\blevike01,SF,25,POR,10,0,5.1,0.2,1.4,0.143,0,0.5,0,0.2,0.9,0.222,0.143,0,0,,0,0.2,0.2,0.4,0.2,0,0.3,0.4,0.4
52,Bogdan Bogdanović\bogdabo01,SG,28,ATL,27,10,26,4.7,10.5,0.451,2.5,6.2,0.401,2.3,4.3,0.521,0.569,0.8,0.9,0.913,0.5,3,3.5,2.9,0.8,0.3,1.1,2.3,12.7
53,Bojan Bogdanović\bogdabo02,SF,31,UTA,52,52,30.3,4.9,11.8,0.417,2.4,6.2,0.383,2.5,5.6,0.455,0.518,2.6,3.1,0.855,0.6,3.3,3.9,1.8,0.5,0.1,1.4,1.6,14.8
54,Bol Bol\bolbo01,PF,21,DEN,21,2,5.2,0.9,1.8,0.5,0.4,0.9,0.5,0.5,1,0.5,0.618,0.2,0.4,0.556,0,0.8,0.8,0.3,0.1,0.4,0.4,0.6,2.5
55,Marques Bolden\boldema01,C,22,CLE,6,0,4.8,0.2,0.5,0.333,0,0,,0.2,0.5,0.333,0.333,0.8,1.3,0.625,0.5,0.5,1,0,0.3,0.3,0.3,0,1.2
56,Jordan Bone\bonejo01,PG,23,ORL,14,0,14,1.6,3.9,0.426,0.7,2.3,0.313,0.9,1.6,0.591,0.519,0,0,,0.3,1.4,1.7,1.3,0.1,0,0.2,0.8,4
57,Isaac Bonga\bongais01,SF,21,WAS,31,7,11.5,0.8,2,0.381,0.4,1.2,0.297,0.4,0.8,0.5,0.468,0.1,0.2,0.5,0.5,1.4,1.9,0.6,0.3,0.2,0.5,1.7,2
58,Devin Booker\bookede01,SG,24,PHO,47,47,34.2,9.5,19.2,0.494,2.1,5.8,0.357,7.4,13.4,0.554,0.548,5,5.8,0.857,0.4,3.7,4.1,4.5,0.9,0.2,3.2,2.9,26
59,Chris Boucher\bouchch01,C,28,TOR,52,7,23.6,4.8,9.3,0.52,1.5,3.8,0.392,3.3,5.5,0.608,0.6,2.5,3.3,0.776,2,4.6,6.5,1,0.6,1.9,0.7,2.7,13.7
60,Brian Bowen\bowenbr02,SF,22,IND,4,0,2.8,0.3,0.8,0.333,0,0,,0.3,0.8,0.333,0.333,0.3,0.3,1,0,0.5,0.5,0,0,0,0,0.3,0.8
61,Avery Bradley\bradlav01,SG,30,TOT,16,2,21.6,2.9,6.9,0.423,1.4,3.9,0.365,1.5,3,0.5,0.527,0.5,0.7,0.727,0.3,1.8,2.1,1.8,0.6,0.1,0.9,2.5,7.8
61,Avery Bradley\bradlav01,SG,30,MIA,10,1,21.1,3.1,6.6,0.47,1.6,3.8,0.421,1.5,2.8,0.536,0.591,0.7,0.9,0.778,0.2,1.6,1.8,1.4,0.7,0.1,0.9,2.6,8.5
61,Avery Bradley\bradlav01,SG,30,HOU,6,1,22.5,2.7,7.5,0.356,1.2,4.2,0.28,1.5,3.3,0.45,0.433,0.2,0.3,0.5,0.3,2.2,2.5,2.3,0.3,0.2,0.8,2.3,6.7
62,Tony Bradley\bradlto01,C,23,TOT,27,8,15.9,2.9,4.3,0.664,0,0.1,0,2.9,4.2,0.681,0.664,0.6,0.9,0.708,2,3.6,5.6,1,0.3,0.7,0.7,1.6,6.3
62,Tony Bradley\bradlto01,C,23,PHI,20,8,14.4,2.6,3.8,0.68,0,0.1,0,2.6,3.7,0.689,0.68,0.4,0.6,0.636,2,3.3,5.2,0.9,0.3,0.7,0.3,1.4,5.5
62,Tony Bradley\bradlto01,C,23,OKC,7,0,20.4,3.7,5.9,0.634,0,0.3,0,3.7,5.6,0.667,0.634,1.4,1.9,0.769,2.1,4.4,6.6,1.3,0.4,0.9,1.7,2,8.9
63,Jarrell Brantley\brantja01,PF,24,UTA,17,0,3.4,0.6,1.5,0.44,0.3,0.9,0.333,0.4,0.6,0.6,0.54,0.1,0.1,1,0.2,0.6,0.9,0.2,0.2,0.1,0.1,0.5,1.7
64,Ignas Brazdeikis\brazdig01,SF,22,TOT,5,0,3,0,0.8,0,0,0.2,0,0,0.6,0,0,0.4,0.4,1,0.2,0.6,0.8,0.2,0,0,0.2,0,0.4
64,Ignas Brazdeikis\brazdig01,SF,22,NYK,4,0,1.8,0,0.3,0,0,0,,0,0.3,0,0,0.5,0.5,1,0.3,0.3,0.5,0.3,0,0,0.3,0,0.5
64,Ignas Brazdeikis\brazdig01,F,22,PHI,1,0,8,0,3,0,0,1,0,0,2,0,0,0,0,,0,2,2,0,0,0,0,0,0
65,Mikal Bridges\bridgmi01,SF,24,PHO,51,51,32.2,4.9,9.3,0.529,1.8,4.3,0.415,3.2,5.1,0.625,0.624,1.6,1.9,0.828,1.2,3.5,4.7,2.2,0.9,0.9,0.8,1.6,13.3
66,Miles Bridges\bridgmi02,PF,22,CHO,50,4,27,3.8,7.6,0.5,1.3,3.4,0.386,2.5,4.1,0.594,0.587,1.2,1.4,0.882,1.3,4.5,5.7,2,0.7,0.7,1.6,2.1,10.1
67,Oshae Brissett\brissos01,F,22,IND,2,0,2.5,0.5,1,0.5,0,0.5,0,0.5,0.5,1,0.5,0,0,,0,1,1,0,0.5,0,0,0,1
68,Malcolm Brogdon\brogdma01,PG,28,IND,44,44,35.2,8,17.5,0.458,2.7,6.7,0.403,5.3,10.9,0.492,0.534,2.5,2.8,0.872,0.8,3.9,4.8,5.9,1,0.2,2.1,1.9,21.2
69,Dillon Brooks\brookdi01,SF,25,MEM,46,46,29,6.1,14.9,0.412,1.9,5.6,0.342,4.2,9.3,0.453,0.476,2.2,2.6,0.826,0.8,2.1,2.9,2.3,1.2,0.4,1.9,3.4,16.3
70,Bruce Brown\brownbr01,PG,24,BRK,48,31,21.8,3.5,6.4,0.548,0.2,0.9,0.256,3.3,5.5,0.595,0.566,1.2,1.6,0.756,1.6,3.1,4.7,1.5,0.8,0.3,0.8,2.1,8.4
71,Jaylen Brown\brownja02,SG,24,BOS,48,48,33.8,9.2,18.9,0.485,2.7,6.8,0.398,6.5,12.1,0.534,0.556,3.3,4.4,0.748,1.2,4.5,5.7,3.5,1.2,0.5,2.7,2.8,24.3
72,Moses Brown\brownmo01,C,21,OKC,23,12,20.5,3.3,5.9,0.556,0,0,,3.3,5.9,0.556,0.556,2.1,3.6,0.598,3.2,5.2,8.4,0.2,0.5,1.1,0.8,1.9,8.7
73,Sterling Brown\brownst02,SG,25,HOU,49,14,24.5,2.9,6.7,0.44,1.8,4.3,0.419,1.1,2.4,0.479,0.575,0.5,0.6,0.806,0.8,3.7,4.5,1.4,0.8,0.2,0.8,2,8.2
74,Troy Brown Jr.\browntr01,SF,21,TOT,27,0,14.5,1.6,4.1,0.384,0.6,2,0.309,1,2.1,0.456,0.46,0.5,0.7,0.7,0.6,2.2,2.8,0.9,0.3,0.2,0.7,1.4,4.3
74,Troy Brown Jr.\browntr01,SF,21,WAS,21,0,13.7,1.6,4.2,0.371,0.7,2.2,0.304,0.9,2,0.442,0.449,0.5,0.7,0.667,0.5,2.4,2.9,0.9,0.1,0.2,0.8,1.4,4.3
74,Troy Brown Jr.\browntr01,SF,21,CHI,6,0,17.3,1.7,3.8,0.435,0.5,1.5,0.333,1.2,2.3,0.5,0.5,0.7,0.8,0.8,0.8,1.7,2.5,0.8,0.7,0.3,0.3,1.7,4.5
75,Jalen Brunson\brunsja01,PG,24,DAL,47,10,25.4,4.8,9,0.533,1.2,3,0.399,3.6,5.9,0.602,0.601,2,2.6,0.793,0.4,3.1,3.5,3.3,0.5,0,1.3,1.7,12.8
76,Thomas Bryant\bryanth01,C,23,WAS,10,10,27.1,5.9,9.1,0.648,0.9,2.1,0.429,5,7,0.714,0.698,1.6,2.4,0.667,1.8,4.3,6.1,1.5,0.4,0.8,1.1,3.1,14.3
77,Reggie Bullock\bullore01,SF,29,NYK,45,44,27.8,3.4,8,0.427,2.2,5.5,0.401,1.2,2.5,0.482,0.564,0.7,0.8,0.882,0.2,3.1,3.4,1.4,0.7,0.2,0.7,2.2,9.7
78,Trey Burke\burketr01,PG,28,DAL,47,0,14.5,2.4,5.5,0.447,1,2.7,0.373,1.4,2.8,0.519,0.539,0.7,0.9,0.85,0.1,0.8,0.9,1.4,0.5,0.1,0.5,1,6.6
79,Alec Burks\burksal01,SG,29,NYK,40,5,25.9,4.2,10.1,0.419,2,4.9,0.413,2.2,5.2,0.425,0.52,2.1,2.5,0.857,0.5,4,4.5,2.2,0.7,0.3,1,2.1,12.6
80,Jimmy Butler\butleji01,SF,31,MIA,37,37,33.8,7.2,14.4,0.496,0.4,1.9,0.222,6.7,12.5,0.539,0.511,6.8,8,0.854,2,5.4,7.4,7.2,2,0.4,2.2,1.4,21.6
81,Bruno Caboclo\cabocbr01,PF,25,HOU,6,0,6,1.3,2.8,0.471,0,0.8,0,1.3,2,0.667,0.471,0.2,0.3,0.5,0.5,1.8,2.3,0.2,0,0.3,0.7,1,2.8
82,Devontae Cacok\cacokde01,PF,24,LAL,13,1,5.5,1.2,1.8,0.625,0,0,,1.2,1.8,0.625,0.625,0.2,0.5,0.429,0.8,1.2,2,0.1,0.4,0.2,0.2,0.5,2.5
83,Kentavious Caldwell-Pope\caldwke01,SG,27,LAL,48,48,26.8,3,7.1,0.425,1.6,3.9,0.412,1.4,3.2,0.441,0.538,1.3,1.5,0.847,0.5,2.2,2.6,1.5,0.8,0.3,1.1,1.6,8.9
84,Facundo Campazzo\campafa01,PG,29,DEN,45,2,18.2,1.5,4.1,0.364,1,2.8,0.352,0.5,1.2,0.393,0.486,0.8,0.9,0.81,0.3,1.2,1.5,2.8,1,0.2,1,2,4.7
85,Vlatko Čančar\cancavl01,PF,23,DEN,27,0,5.7,0.6,1.3,0.429,0.2,0.7,0.278,0.4,0.6,0.588,0.5,0.2,0.2,0.833,0.2,0.9,1.1,0.3,0.3,0.1,0.4,0.5,1.5
86,Devin Cannady\cannade01,G,24,ORL,1,0,2,0,2,0,0,2,0,0,0,,0,2,2,1,0,0,0,0,1,0,0,1,2
87,Clint Capela\capelca01,C,26,ATL,45,45,29.7,6.5,11,0.592,0,0,,6.5,11,0.592,0.592,2,3.4,0.587,4.8,9.4,14.2,0.8,0.7,2.3,1.2,2.4,15
88,Vernon Carey Jr.\careyve01,C,19,CHO,9,0,3.3,0.2,0.7,0.333,0,0.3,0,0.2,0.3,0.667,0.333,0.1,0.2,0.5,0.2,0.8,1,0.1,0,0.2,0.2,0.1,0.6
89,Jevon Carter\carteje01,PG,25,PHO,39,0,9.9,1.1,2.8,0.38,0.6,1.8,0.319,0.5,0.9,0.5,0.486,0.1,0.1,1,0.2,1.1,1.3,1.2,0.4,0.2,0.2,1,2.7
90,Wendell Carter Jr.\cartewe01,C,21,TOT,38,28,25.1,4.3,8.1,0.529,0.3,0.8,0.323,4,7.3,0.552,0.545,2.7,3.6,0.745,2.3,5.6,7.9,2.1,0.6,0.8,1.5,2.8,11.5
90,Wendell Carter Jr.\cartewe01,C,21,CHI,32,25,24.8,4,7.9,0.512,0.3,0.7,0.364,3.8,7.2,0.526,0.528,2.6,3.5,0.739,2.2,5.6,7.8,2.2,0.6,0.8,1.5,3,10.9
90,Wendell Carter Jr.\cartewe01,C,21,ORL,6,3,26.8,5.7,9.3,0.607,0.3,1.5,0.222,5.3,7.8,0.681,0.625,3.3,4.3,0.769,3,5.5,8.5,1.8,0.8,1.2,1.5,2,15
91,Michael Carter-Williams\cartemi01,SG,29,ORL,27,21,26.1,3.4,8.7,0.387,0.5,1.9,0.26,2.9,6.9,0.422,0.415,1.6,2.4,0.652,1.3,3.3,4.6,4.4,0.8,0.6,2.3,2.7,8.8
92,Alex Caruso\carusal01,PG,26,LAL,42,0,20.5,2,4.9,0.417,1,2.3,0.417,1.1,2.6,0.418,0.515,0.8,1.3,0.642,0.5,2.5,3,2.5,1.1,0.2,1.2,1.8,5.9
93,Willie Cauley-Stein\caulewi01,C,27,DAL,35,11,17.1,2.3,3.6,0.622,0,0.2,0.125,2.2,3.4,0.655,0.626,0.9,1.4,0.66,1.1,3.1,4.3,0.7,0.3,0.8,0.5,2.3,5.5
94,Chris Chiozza\chiozch01,PG,25,BRK,20,0,10.1,1.4,3.7,0.365,0.7,1.9,0.342,0.7,1.8,0.389,0.453,0.6,0.8,0.8,0.2,1,1.1,3,0.4,0.2,0.8,0.9,4
95,Marquese Chriss\chrisma01,PF,23,GSW,2,0,13.5,2.5,7,0.357,0.5,2.5,0.2,2,4.5,0.444,0.393,1,2,0.5,1.5,5,6.5,1,0,1,1,1.5,6.5
96,Gary Clark\clarkga01,SF,26,TOT,37,11,17.3,1.1,3.5,0.305,0.8,2.9,0.287,0.2,0.6,0.391,0.424,0.2,0.3,0.8,0.9,2.2,3.1,0.8,0.3,0.2,0.5,0.9,3.2
96,Gary Clark\clarkga01,SF,26,ORL,35,11,18.2,1.1,3.7,0.305,0.9,3.1,0.287,0.3,0.7,0.391,0.424,0.2,0.3,0.8,0.9,2.3,3.2,0.9,0.3,0.2,0.5,1,3.4
96,Gary Clark\clarkga01,F,26,DEN,2,0,2,0,0,,0,0,,0,0,,,0,0,,0,0.5,0.5,0,0,0,0,0,0
97,Brandon Clarke\clarkbr01,PF,24,MEM,41,16,25.8,4.9,9.3,0.524,0.5,1.5,0.317,4.4,7.9,0.562,0.548,1.5,2.1,0.69,1.5,4,5.5,1.7,1.1,0.9,0.6,1.5,11.7
98,Jordan Clarkson\clarkjo01,SG,28,UTA,51,0,25.4,6.2,14.8,0.422,3,8.6,0.349,3.2,6.1,0.524,0.524,1.7,1.7,0.955,0.8,3.2,3.9,2.2,0.9,0.2,1.7,1.5,17.2
99,Nicolas Claxton\claxtni01,C,21,BRK,20,0,17.9,3.1,5.3,0.585,0.1,0.2,0.25,3.1,5.1,0.598,0.59,1,2,0.487,1.5,3.2,4.7,1,0.7,1.3,0.6,2,7.2
100,Amir Coffey\coffeam01,SG,23,LAC,34,0,7.8,1,2.1,0.479,0.6,1.3,0.432,0.4,0.8,0.556,0.613,0.3,0.5,0.529,0.2,0.6,0.8,0.4,0.2,0,0.3,0.4,2.8
101,John Collins\collijo01,PF,23,ATL,47,47,30.3,7.1,13,0.545,1.3,3.4,0.38,5.8,9.6,0.603,0.594,2.7,3.3,0.838,2.1,5.7,7.8,1.4,0.5,1,1.2,3.2,18.2
102,Mike Conley\conlemi01,PG,33,UTA,42,42,29.7,5.7,12.6,0.449,2.7,6.7,0.411,2.9,6,0.492,0.558,2.3,2.7,0.848,0.7,2.7,3.4,5.4,1.3,0.1,1.9,2,16.3
103,Pat Connaughton\connapa01,SG,28,MIL,48,2,23.3,2.4,5.5,0.439,1.4,3.6,0.377,1,1.9,0.562,0.564,0.5,0.7,0.75,1,3.9,4.9,1.4,0.7,0.4,0.4,1.5,6.7
104,Quinn Cook\cookqu01,PG,27,TOT,23,0,6.8,1.3,3,0.426,0.5,1.1,0.423,0.8,1.8,0.429,0.507,0.3,0.3,0.875,0.1,0.7,0.7,0.8,0.2,0,0.3,0.4,3.3
104,Quinn Cook\cookqu01,PG,27,LAL,16,0,3.9,0.8,1.6,0.462,0.3,0.8,0.385,0.4,0.8,0.538,0.558,0.3,0.3,0.8,0,0.3,0.3,0.3,0.1,0.1,0.2,0.1,2.1
104,Quinn Cook\cookqu01,PG,27,CLE,7,0,13.6,2.4,6,0.405,0.9,1.9,0.462,1.6,4.1,0.379,0.476,0.4,0.4,1,0.3,1.4,1.7,1.9,0.4,0,0.6,1.1,6.1
105,Tyler Cook\cookty01,SF-PF,23,TOT,15,0,10.9,1.3,2.2,0.606,0,0,,1.3,2.2,0.606,0.606,0.4,0.8,0.5,0.7,1.5,2.2,0.5,0.3,0,0.6,1.2,3.1
105,Tyler Cook\cookty01,PF,23,BRK,4,0,4.3,0.3,0.8,0.333,0,0,,0.3,0.8,0.333,0.333,0,0,,0.3,0.3,0.5,0.5,0,0,0.3,0.5,0.5
105,Tyler Cook\cookty01,SF,23,DET,11,0,13.4,1.7,2.7,0.633,0,0,,1.7,2.7,0.633,0.633,0.5,1.1,0.5,0.9,1.9,2.8,0.5,0.4,0,0.7,1.5,4
106,DeMarcus Cousins\couside01,C,30,TOT,26,11,19.8,3.2,8.2,0.383,1.5,4.5,0.336,1.7,3.8,0.439,0.474,1.7,2.4,0.714,1.2,6.3,7.5,2.4,0.8,0.7,1.5,2.9,9.5
106,DeMarcus Cousins\couside01,C,30,HOU,25,11,20.2,3.2,8.4,0.376,1.6,4.6,0.336,1.6,3.8,0.426,0.469,1.8,2.4,0.746,1.2,6.4,7.6,2.4,0.8,0.7,1.6,3,9.6
106,DeMarcus Cousins\couside01,C-F,30,LAC,1,0,8,3,4,0.75,0,0,,3,4,0.75,0.75,1,4,0.25,2,2,4,2,0,0,1,2,7
107,Robert Covington\covinro01,PF,30,POR,49,49,32.3,3.2,7.7,0.416,2.1,5.5,0.392,1.1,2.2,0.477,0.556,0.7,0.8,0.805,0.8,5.9,6.8,1.7,1.6,1.3,1.1,2.8,9.2
108,Torrey Craig\craigto01,SF,30,TOT,29,0,13,1.6,3.4,0.465,0.6,1.4,0.381,1,2,0.526,0.545,0.1,0.3,0.5,0.9,2.1,3,0.9,0.6,0.4,0.3,1.6,3.9
108,Torrey Craig\craigto01,SF,30,MIL,18,0,11.2,1,2.6,0.391,0.4,1.2,0.364,0.6,1.3,0.417,0.478,0.1,0.1,0.5,0.7,1.7,2.4,0.9,0.5,0.4,0.3,1.3,2.5
108,Torrey Craig\craigto01,SF,30,PHO,11,0,16,2.5,4.8,0.528,0.7,1.8,0.4,1.8,3,0.606,0.604,0.3,0.5,0.5,1.1,2.8,3.9,0.9,0.8,0.5,0.5,1.9,6.1
109,Jae Crowder\crowdja01,PF,30,PHO,48,33,28,3.3,8.2,0.402,2.4,6.2,0.378,0.9,2,0.479,0.546,1,1.3,0.79,0.5,4.5,5,2.1,0.8,0.4,0.9,1.9,10
110,Jarrett Culver\culveja01,SG,21,MIN,29,7,16,2.2,5.4,0.414,0.4,1.6,0.244,1.9,3.9,0.482,0.449,1,1.6,0.609,1.2,2.3,3.4,0.7,0.6,0.3,0.9,1.9,5.8
111,Seth Curry\curryse01,SG,30,PHI,40,40,29.2,4.6,10,0.455,2.1,4.9,0.416,2.5,5.1,0.493,0.558,1.5,1.7,0.894,0.2,1.9,2.1,2.8,0.9,0.2,1.3,1.7,12.6
112,Stephen Curry\curryst01,PG,32,GSW,43,43,33.9,9.8,20.4,0.481,4.7,11.5,0.408,5.1,8.9,0.574,0.595,5.4,5.9,0.925,0.6,4.9,5.5,6,1.3,0.1,3.2,1.8,29.7
113,Nate Darling\darlina01,SG,22,CHO,4,0,4,0.5,1.5,0.333,0.5,1.5,0.333,0,0,,0.5,0,0,,0.3,0,0.3,0.3,0,0,0,0,1.5
114,Anthony Davis\davisan02,PF,27,LAL,23,23,32.8,8.9,16.7,0.533,0.7,2.5,0.293,8.1,14.1,0.575,0.555,4,5.7,0.715,2,6.3,8.4,3,1.3,1.8,2,1.8,22.5
115,Ed Davis\davised01,C,31,MIN,19,7,13.9,0.9,2.3,0.419,0,0,,0.9,2.3,0.419,0.419,0.4,0.4,0.875,2,3.1,5.1,1,0.5,0.5,0.3,2.6,2.3
116,Terence Davis\daviste02,SG,23,TOT,41,4,15.3,2.7,6.5,0.415,1.4,3.9,0.36,1.3,2.5,0.5,0.525,0.5,0.6,0.84,0.2,1.8,2,1.1,0.5,0.2,0.9,1.4,7.3
116,Terence Davis\daviste02,SG,23,TOR,34,4,14.5,2.6,6.2,0.414,1.3,3.6,0.361,1.3,2.6,0.489,0.519,0.5,0.5,0.889,0.3,1.7,1.9,1.1,0.5,0.2,0.9,1.4,6.9
116,Terence Davis\daviste02,SG,23,SAC,7,0,19.4,3.3,7.9,0.418,2,5.6,0.359,1.3,2.3,0.563,0.545,0.7,1,0.714,0.1,2.3,2.4,1.4,0.7,0.4,1.1,1.4,9.3
117,Matthew Dellavedova\dellama01,PG,30,CLE,4,0,17.5,0.8,4.5,0.167,0.3,1.8,0.143,0.5,2.8,0.182,0.194,0.5,0.5,1,1,1.5,2.5,5.5,0.3,0,0,1.3,2.3
118,DeMar DeRozan\derozde01,PF,31,SAS,42,42,33.9,7.2,14.6,0.491,0.4,1.5,0.29,6.7,13.1,0.514,0.506,6.1,7,0.877,0.7,3.7,4.4,7,1,0.3,1.9,1.9,20.9
119,Mamadi Diakite\diakima01,PF,24,MIL,7,0,8.1,1.1,2.6,0.444,0.1,0.6,0.25,1,2,0.5,0.472,0,0,,0.7,1.6,2.3,0.6,0,0.6,0.1,1,2.4
120,Hamidou Diallo\diallha01,SG-SF,22,TOT,39,5,23.5,4.5,9.1,0.494,0.5,1.4,0.352,4,7.7,0.52,0.521,2.5,3.9,0.651,1.2,3.9,5.1,2.3,0.9,0.4,1.5,2.6,12
120,Hamidou Diallo\diallha01,SG,22,OKC,32,5,23.8,4.5,9.3,0.481,0.4,1.3,0.293,4.1,8,0.512,0.502,2.6,4.1,0.629,1.2,4,5.2,2.4,1,0.4,1.5,2.6,11.9
120,Hamidou Diallo\diallha01,SF,22,DET,7,0,22,4.6,8.1,0.561,1,1.9,0.538,3.6,6.3,0.568,0.623,2.3,2.9,0.8,1.3,3.6,4.9,1.7,0.7,0.7,1.3,2.4,12.4
121,Gorgui Dieng\dienggo01,C,31,TOT,25,1,15.8,2.3,4.6,0.504,1,2.1,0.462,1.4,2.5,0.54,0.609,1.7,2,0.857,1.1,2.9,4,1.2,0.8,0.6,1,1.7,7.3
121,Gorgui Dieng\dienggo01,C,31,MEM,22,1,16.9,2.5,4.9,0.519,1,2.2,0.479,1.5,2.7,0.55,0.625,1.7,2,0.884,1.3,3.2,4.5,1.3,0.8,0.6,1,1.7,7.9
121,Gorgui Dieng\dienggo01,C,31,SAS,3,0,8,0.7,2.3,0.286,0.3,1.3,0.25,0.3,1,0.333,0.357,1.3,2,0.667,0,0.7,0.7,0,0.7,0,0.7,1.7,3
122,Spencer Dinwiddie\dinwisp01,SG,27,BRK,3,3,21.3,2,5.3,0.375,0.7,2.3,0.286,1.3,3,0.444,0.438,2,2,1,0,4.3,4.3,3,0.7,0.3,1.7,1.3,6.7
123,Donte DiVincenzo\divindo01,SG,24,MIL,50,50,27.6,3.9,9.4,0.419,2,5.2,0.391,1.9,4.2,0.455,0.528,0.8,1.1,0.722,1.3,4.3,5.6,3.1,1.2,0.2,1.4,1.6,10.7
124,Luka Dončić\doncilu01,PG,21,DAL,46,46,35.1,10.2,21,0.483,3,8.2,0.37,7.2,12.9,0.556,0.555,5.1,7,0.73,0.8,7.4,8.2,8.7,1,0.6,4.3,2.2,28.5
125,Luguentz Dort\dortlu01,SG,21,OKC,41,41,29.3,4.3,11.2,0.386,2,6,0.327,2.4,5.2,0.453,0.473,2,2.6,0.764,0.7,2.8,3.4,1.6,0.9,0.4,1.4,2.4,12.6
126,Damyean Dotson\dotsoda01,SG,26,CLE,35,6,18.8,2.5,6.3,0.394,0.9,3.3,0.278,1.6,3,0.519,0.466,0.6,0.9,0.688,0.1,1.9,2,2.1,0.4,0.1,0.8,0.9,6.5
127,Devon Dotson\dotsode01,PG,21,CHI,3,0,5,0.7,1.3,0.5,0,0,,0.7,1.3,0.5,0.5,0,0,,0.3,0.3,0.7,0,0.3,0,0,0.3,1.3
128,Sekou Doumbouya\doumbse01,PF,20,DET,43,2,12.8,1.4,4.1,0.347,0.5,1.8,0.253,1,2.3,0.423,0.403,0.6,0.8,0.758,0.5,1.7,2.1,0.6,0.3,0,0.7,1.4,3.9
129,PJ Dozier\doziepj01,SG,24,DEN,36,0,20.3,2.5,6.1,0.409,0.9,2.6,0.337,1.6,3.6,0.461,0.48,0.9,1.5,0.63,0.8,3,3.8,1.6,0.6,0.4,0.8,1.8,6.8
130,Goran Dragić\dragigo01,PG,34,MIA,33,10,26.7,4.8,10.8,0.439,1.6,4.6,0.346,3.2,6.2,0.507,0.513,2.1,2.5,0.831,0.3,3,3.3,4.5,0.6,0.2,2.7,2.2,13.2
131,Andre Drummond\drumman01,C,27,TOT,27,27,28.3,6.9,14.6,0.473,0,0.3,0,6.9,14.3,0.483,0.473,3,5.1,0.599,3.9,9.1,13,2.6,1.6,1.1,3.2,2.9,16.9
131,Andre Drummond\drumman01,C,27,CLE,25,25,28.9,7.2,15.2,0.474,0,0.3,0,7.2,14.9,0.484,0.474,3.1,5.2,0.597,4,9.4,13.5,2.6,1.6,1.2,3.2,2.8,17.5
131,Andre Drummond\drumman01,C,27,LAL,2,2,20.5,3.5,7.5,0.467,0,0,,3.5,7.5,0.467,0.467,2.5,4,0.625,2,4.5,6.5,2.5,1,0.5,3,4.5,9.5
132,Jared Dudley\dudleja01,PF,35,LAL,11,0,6.9,0.2,0.6,0.286,0.2,0.5,0.4,0,0.2,0,0.429,0,0,,0.4,1.4,1.7,0.5,0.1,0.1,0.2,0.6,0.5
133,Kevin Durant\duranke01,PF,32,BRK,20,18,34.9,9.7,18.2,0.53,2.6,5.8,0.443,7.1,12.5,0.57,0.6,6.6,7.5,0.873,0.4,6.9,7.3,5.3,0.7,1.4,3.7,2.2,28.4
134,Anthony Edwards\edwaran01,SG,19,MIN,52,35,31.1,6.6,16.6,0.397,2.1,6.8,0.314,4.4,9.8,0.455,0.462,2.5,3.2,0.78,0.9,3.5,4.4,2.6,1.1,0.4,2.2,1.7,17.8
135,Carsen Edwards\edwarca01,SG,22,BOS,21,1,9.2,1.8,3.9,0.463,0.6,2,0.302,1.2,1.9,0.641,0.543,0.3,0.4,0.778,0.1,0.8,0.9,0.5,0.2,0,0.1,1,4.6
136,CJ Elleby\ellebcj01,SF,20,POR,19,0,7.7,0.9,2.4,0.37,0.3,1.4,0.192,0.6,1.1,0.6,0.424,0.4,0.6,0.636,0.4,0.7,1.2,0.2,0.3,0.2,0.2,1.1,2.4
137,Henry Ellenson\ellenhe01,PF,24,TOR,2,0,19,2.5,7,0.357,1,4.5,0.222,1.5,2.5,0.6,0.429,1.5,2,0.75,1.5,4.5,6,2.5,0,0,0,3.5,7.5
138,Wayne Ellington\ellinwa01,SG,33,DET,38,28,22.1,3.3,7.5,0.441,2.5,6,0.415,0.8,1.5,0.544,0.607,0.7,0.9,0.788,0.2,1.6,1.8,1.4,0.4,0.2,0.7,1.4,9.8
139,Joel Embiid\embiijo01,C,26,PHI,33,33,32.5,9.3,17.9,0.521,1.2,3,0.394,8.2,14.9,0.547,0.554,10.1,11.8,0.849,2.2,8.9,11.2,3.2,1.1,1.4,3.2,2.5,29.9
140,James Ennis\ennisja01,SF,30,ORL,34,30,23.6,2.8,5.8,0.49,1.1,2.4,0.434,1.8,3.3,0.531,0.582,1.5,1.8,0.806,1.1,2.9,4,1.5,0.9,0.2,0.9,2.1,8.2
141,Drew Eubanks\eubandr01,C,23,SAS,31,0,12.9,1.7,3.4,0.514,0,0,1,1.7,3.4,0.51,0.519,1.1,1.5,0.702,0.7,2.7,3.5,0.8,0.2,1,0.8,1.4,4.6
142,Dante Exum\exumda01,SG,25,CLE,6,3,19.3,1.7,4.3,0.385,0.3,1.8,0.182,1.3,2.5,0.533,0.423,0.2,0.3,0.5,0.3,2.5,2.8,2.2,0.7,0.3,1.2,1.5,3.8
143,Tacko Fall\fallta01,C,25,BOS,15,0,6.7,1.2,1.6,0.75,0,0,,1.2,1.6,0.75,0.75,0.3,0.9,0.308,0.7,1.8,2.5,0.1,0.1,0.8,0.3,1.1,2.7
144,Derrick Favors\favorde01,C,29,UTA,50,0,15.6,2.4,3.8,0.626,0,0,0,2.4,3.8,0.63,0.626,1,1.4,0.732,2.1,3.4,5.5,0.8,0.5,1,0.6,2.2,5.8
145,Cristiano Felício\feliccr01,C,28,CHI,10,0,4.5,0.3,0.4,0.75,0,0,,0.3,0.4,0.75,0.75,0.6,1,0.6,0.6,0.7,1.3,0.5,0.2,0,0.3,0.3,1.2
146,Terrance Ferguson\fergute01,SG,22,PHI,13,0,3.8,0.1,0.5,0.143,0,0.4,0,0.1,0.2,0.5,0.143,0,0,,0,0.1,0.1,0.2,0.1,0,0.3,0.5,0.2
147,Bruno Fernando\fernabr01,C,22,ATL,26,0,6.8,0.5,1.1,0.429,0,0.1,0,0.5,1,0.462,0.429,0.5,0.7,0.667,0.5,2,2.5,0.3,0.1,0.1,0.7,0.8,1.4
148,Yogi Ferrell\ferreyo01,PG,27,CLE,2,0,20,4,10.5,0.381,1.5,4.5,0.333,2.5,6,0.417,0.452,0,1,0,1.5,2,3.5,2.5,1.5,0.5,1.5,2,9.5
149,Dorian Finney-Smith\finnedo01,PF,27,DAL,40,40,32,3.3,7.5,0.433,1.8,4.9,0.367,1.5,2.6,0.558,0.553,0.6,0.8,0.8,1.7,3.8,5.5,1.6,0.9,0.5,0.6,2.5,8.9
150,Malachi Flynn\flynnma01,PG,22,TOR,27,1,13.7,1.5,4.4,0.333,0.6,2.2,0.254,0.9,2.3,0.41,0.396,0.3,0.4,0.75,0.1,1.5,1.6,1.9,0.6,0.1,0.6,1,3.9
151,Bryn Forbes\forbebr01,SG,27,MIL,50,6,18.9,3.3,7.2,0.45,2.1,4.7,0.449,1.2,2.6,0.453,0.595,0.6,0.8,0.763,0.2,1.1,1.3,0.6,0.3,0,0.5,1.1,9.2
152,Trent Forrest\forretr01,PG,22,UTA,14,0,5.3,0.5,1.1,0.467,0,0.2,0,0.5,0.9,0.583,0.467,0.1,0.1,1,0,0.5,0.5,1.2,0.3,0.1,0.4,0.4,1.1
153,Evan Fournier\fournev01,SF-SG,28,TOT,30,26,30.1,6.2,13.6,0.457,2.8,7,0.398,3.4,6.5,0.52,0.56,3.4,4.2,0.795,0.2,2.6,2.7,3.4,1.1,0.4,1.9,2.2,18.6
153,Evan Fournier\fournev01,SF,28,ORL,26,26,30.3,6.5,14.2,0.461,2.8,7.2,0.388,3.7,7,0.536,0.56,3.8,4.7,0.797,0.2,2.7,2.9,3.7,1,0.3,2.1,2.1,19.7
153,Evan Fournier\fournev01,SG,28,BOS,4,0,28.8,4,9.5,0.421,2.8,5.8,0.478,1.3,3.8,0.333,0.566,0.8,1,0.75,0,1.8,1.8,1.8,1.3,0.8,1,2.5,11.5
154,De'Aaron Fox\foxde01,PG,23,SAC,51,51,34.8,8.9,18.7,0.476,1.8,5.5,0.32,7.1,13.2,0.542,0.524,5,7,0.713,0.5,2.9,3.4,7.1,1.4,0.5,3.1,3,24.6
155,Tim Frazier\fraziti01,PG,30,MEM,3,0,11,0.7,2.7,0.25,0,0.7,0,0.7,2,0.333,0.25,0,0,,0,1.3,1.3,2.3,0.3,0,1,1.3,1.3
156,Markelle Fultz\fultzma01,PG,22,ORL,8,8,26.9,5.1,13,0.394,0.5,2,0.25,4.6,11,0.42,0.413,2.1,2.4,0.895,0.6,2.5,3.1,5.4,1,0.3,2.3,2.3,12.9
157,Wenyen Gabriel\gabriwe01,PF,23,NOP,9,0,4.7,0.2,1.2,0.182,0.1,0.6,0.2,0.1,0.7,0.167,0.227,0.2,0.4,0.5,0.8,0.8,1.6,0.6,0.1,0,0.8,0.2,0.8
158,Daniel Gafford\gaffoda01,PF-C,22,TOT,33,11,12.5,2.1,3,0.7,0,0,,2.1,3,0.7,0.7,0.9,1.4,0.674,1.5,2,3.5,0.5,0.4,1.2,0.8,1.7,5.2
158,Daniel Gafford\gaffoda01,PF,22,CHI,31,11,12.4,1.9,2.8,0.69,0,0,,1.9,2.8,0.69,0.69,0.9,1.3,0.659,1.4,1.9,3.3,0.5,0.4,1.1,0.7,1.7,4.7
158,Daniel Gafford\gaffoda01,C,22,WAS,2,0,14,5,6.5,0.769,0,0,,5,6.5,0.769,0.769,2,2.5,0.8,2.5,3,5.5,0,0.5,2.5,1.5,1,12
159,Danilo Gallinari\gallida01,PF,32,ATL,38,4,23.8,4,9.3,0.428,2.1,5.2,0.403,1.9,4.1,0.459,0.54,3.2,3.4,0.931,0.2,3.8,4,1.4,0.5,0.2,1,2.1,13.2
160,Langston Galloway\gallola01,SG,29,PHO,34,0,11.1,1.7,3.6,0.471,0.9,2.1,0.451,0.7,1.5,0.5,0.603,0.5,0.5,1,0.1,0.9,1,0.7,0.2,0,0.3,0.7,4.8
161,Darius Garland\garlada01,PG,21,CLE,42,39,33.2,6.5,14.5,0.449,1.8,4.6,0.401,4.7,9.9,0.471,0.512,2,2.4,0.848,0.5,1.9,2.4,5.8,1.1,0.1,3,2.2,16.8
162,Marc Gasol\gasolma01,C,36,LAL,42,41,19.8,1.7,4,0.426,0.9,2.5,0.365,0.8,1.5,0.523,0.538,0.8,1,0.75,0.7,3.4,4.1,2.1,0.5,1.3,1.2,2.3,5.1
163,Rudy Gay\gayru01,PF,34,SAS,42,0,21.9,4.1,9.9,0.411,1.7,4.3,0.391,2.4,5.6,0.426,0.495,1.3,1.6,0.783,0.8,4.2,5,1.5,0.8,0.6,1,1.9,11.1
164,Paul George\georgpa01,SF,30,LAC,40,40,33.4,8,16.8,0.477,3.3,7.5,0.441,4.7,9.4,0.505,0.575,3.4,3.9,0.89,0.9,5.4,6.3,5.3,1.2,0.5,3.1,2.4,22.8
165,Taj Gibson\gibsota01,PF,35,NYK,25,1,20.1,1.9,3.2,0.6,0.1,0.6,0.214,1.8,2.6,0.682,0.619,0.9,1.4,0.629,1.8,3.2,5,0.7,0.8,0.9,0.6,2,4.8
166,Harry Giles\gilesha01,C,22,POR,28,0,10.8,1.1,2.6,0.419,0.2,0.5,0.429,0.9,2.1,0.417,0.459,0.5,0.7,0.7,1,3.2,4.2,0.8,0.2,0.4,0.6,1.8,2.9
167,Shai Gilgeous-Alexander\gilgesh01,SG,22,OKC,35,35,33.7,8.2,16.1,0.508,2,4.9,0.418,6.2,11.3,0.547,0.571,5.3,6.5,0.808,0.5,4.2,4.7,5.9,0.8,0.7,3,2,23.7
168,Anthony Gill\gillan01,PF,28,WAS,16,1,5.5,0.3,1.1,0.278,0.1,0.7,0.091,0.3,0.4,0.571,0.306,0.2,0.3,0.75,0.5,1.1,1.6,0.3,0.3,0.1,0.3,0.6,0.9
169,Rudy Gobert\goberru01,C,28,UTA,52,52,30.9,5.5,8.4,0.662,0,0.1,0,5.5,8.3,0.667,0.662,3.6,5.8,0.623,3.4,10,13.4,1.3,0.5,2.8,1.6,2.3,14.7
170,Brandon Goodwin\goodwbr01,PG,25,ATL,34,1,10.8,1.4,4.1,0.353,0.6,1.9,0.318,0.8,2.1,0.384,0.428,0.5,0.7,0.708,0.2,0.9,1.1,1.6,0.4,0,0.6,0.8,4
171,Aaron Gordon\gordoaa01,PF,25,TOT,31,31,29.1,5.1,11.1,0.462,1.5,4.1,0.365,3.6,7,0.518,0.529,2.4,3.8,0.63,1.4,4.7,6.2,3.9,0.7,0.8,2.4,1.8,14.2
171,Aaron Gordon\gordoaa01,PF,25,ORL,25,25,29.4,5.1,11.7,0.437,1.7,4.5,0.375,3.4,7.2,0.475,0.509,2.6,4.2,0.629,1.6,5.1,6.6,4.2,0.6,0.8,2.7,2,14.6
171,Aaron Gordon\gordoaa01,PF,25,DEN,6,6,27.5,5.2,8.5,0.608,0.7,2.3,0.286,4.5,6.2,0.73,0.647,1.5,2.3,0.643,0.8,3.3,4.2,2.7,1.2,0.8,1.2,1.2,12.5
172,Eric Gordon\gordoer01,SG,32,HOU,27,13,29.2,5.9,13.6,0.433,2.6,7.8,0.329,3.3,5.8,0.573,0.527,3.5,4.2,0.825,0.3,1.9,2.1,2.6,0.5,0.5,1.9,1.6,17.8
173,Devonte' Graham\grahade01,PG,25,CHO,40,34,29.7,4.4,11.6,0.374,3,7.9,0.373,1.4,3.7,0.376,0.501,2.2,2.7,0.83,0.4,2.4,2.8,5.1,1.1,0.1,1.5,1.3,13.9
174,Jerami Grant\grantje01,SF,26,DET,48,48,34.4,7.4,17.3,0.429,2.3,6.3,0.359,5.2,11.1,0.469,0.494,5.4,6.3,0.854,0.7,4.1,4.8,2.9,0.7,1.1,2,2.3,22.5
175,Danny Green\greenda02,SF,33,PHI,51,51,28.3,3.4,8,0.421,2.6,6.3,0.415,0.7,1.7,0.442,0.584,0.4,0.6,0.724,0.8,2.8,3.6,1.7,1.3,0.9,1.1,1.8,9.8
176,Draymond Green\greendr01,PF,30,GSW,43,43,30.3,2.4,5.9,0.415,0.5,2,0.264,1.9,3.9,0.494,0.46,1,1.3,0.772,0.9,5.6,6.5,8.5,1.5,0.7,2.8,3.2,6.4
177,JaMychal Green\greenja01,PF,30,DEN,39,4,18.6,3.1,6.6,0.463,1.4,3.5,0.404,1.6,3.1,0.529,0.57,0.9,1.1,0.829,1.5,3.7,5.2,0.8,0.5,0.4,0.9,2.5,8.4
178,Javonte Green\greenja02,SG-PG,27,TOT,28,2,13.2,1.4,2.8,0.519,0.3,0.8,0.304,1.2,1.9,0.611,0.565,0.7,1.1,0.667,0.8,1.3,2.1,0.4,0.7,0.1,0.6,1.3,3.8
178,Javonte Green\greenja02,SG,27,BOS,25,2,13.8,1.6,2.8,0.549,0.3,0.9,0.318,1.3,2,0.653,0.599,0.8,1.2,0.667,0.8,1.3,2.1,0.4,0.7,0.1,0.5,1.3,4.2
178,Javonte Green\greenja02,PG,27,CHI,3,0,8,0.3,2,0.167,0,0.3,0,0.3,1.7,0.2,0.167,0,0,,0.7,1.3,2,0.3,0.7,0.7,1,1,0.7
179,Jeff Green\greenje02,C,34,BRK,48,25,26.8,3.6,7.4,0.493,1.5,3.5,0.42,2.1,3.8,0.56,0.593,1.6,2.1,0.738,0.5,3.3,3.8,1.4,0.6,0.4,0.8,1.8,10.3
180,Josh Green\greenjo02,SG,20,DAL,27,5,10.4,0.9,2.1,0.431,0.1,0.6,0.118,0.9,1.5,0.561,0.448,0.3,0.6,0.6,0.6,1.3,1.9,0.5,0.3,0.1,0.5,0.7,2.3
181,Blake Griffin\griffbl01,PF,31,TOT,27,21,28,3.9,9.6,0.4,1.7,5.2,0.333,2.1,4.4,0.479,0.49,2,2.8,0.707,0.4,4.6,5,3.4,0.7,0.2,1.4,2.1,11.4
181,Blake Griffin\griffbl01,PF,31,DET,20,20,31.3,4.1,11.1,0.365,2,6.2,0.315,2.1,4.9,0.429,0.453,2.2,3.1,0.71,0.4,4.9,5.2,3.9,0.7,0.1,1.6,2.1,12.3
181,Blake Griffin\griffbl01,PF,31,BRK,7,1,18.6,3.3,5.4,0.605,1.1,2.4,0.471,2.1,3,0.714,0.711,1.3,1.9,0.692,0.6,4,4.6,2.1,0.7,0.4,1,2.1,9
182,Kyle Guy\guyky01,PG,23,SAC,21,0,7,1,2.7,0.375,0.5,1.5,0.323,0.5,1.2,0.44,0.464,0.5,0.6,0.833,0.1,0.9,1,0.9,0.2,0,0.2,0.7,3
183,Rui Hachimura\hachiru01,PF,22,WAS,41,41,31.7,5.4,11.3,0.476,0.9,2.6,0.327,4.5,8.7,0.521,0.514,2.5,3.2,0.771,0.9,5,5.9,1.6,0.8,0.1,1.2,2.1,14.1
184,Ashton Hagans\haganas01,PG,21,MIN,2,0,2,0,0,,0,0,,0,0,,,0,0,,0,0,0,0,0,0,0.5,0,0
185,Tyrese Haliburton\halibty01,PG,20,SAC,46,14,30.3,5,10.5,0.48,2.1,5.1,0.413,2.9,5.4,0.544,0.581,0.8,0.9,0.857,0.8,2.5,3.2,5.1,1.3,0.6,1.5,1.4,13
186,Josh Hall\halljo01,SF,20,OKC,12,0,12.3,0.8,3.3,0.231,0.2,1.4,0.118,0.6,1.8,0.318,0.256,1.3,2.3,0.556,0.1,1.8,1.9,1.4,0,0,1.2,1.5,2.9
187,R.J. Hampton\hamptrj01,PG-SG,19,TOT,31,1,12,1.6,3.7,0.44,0.4,1.1,0.324,1.3,2.6,0.488,0.487,0.5,0.8,0.667,0.5,2.1,2.5,0.7,0.3,0.1,0.5,1,4.2
187,R.J. Hampton\hamptrj01,PG,19,DEN,25,0,9.3,1,2.4,0.417,0.2,0.7,0.278,0.8,1.7,0.476,0.458,0.4,0.5,0.75,0.4,1.6,2,0.6,0.2,0.1,0.4,0.9,2.6
187,R.J. Hampton\hamptrj01,SG,19,ORL,6,1,23.2,4.3,9.3,0.464,1,2.7,0.375,3.3,6.7,0.5,0.518,1.2,2,0.583,0.7,4,4.7,1.5,0.8,0.2,1,1.3,10.8
188,Tim Hardaway Jr.\hardati02,SG,28,DAL,50,20,28.9,5.8,13,0.446,3,7.5,0.394,2.9,5.5,0.518,0.56,1.9,2.4,0.797,0.3,3.2,3.5,1.7,0.5,0.1,0.9,1.5,16.5
189,James Harden\hardeja01,PG-SG,31,TOT,42,42,37.1,8,17.2,0.463,2.8,7.8,0.358,5.2,9.4,0.549,0.544,6.5,7.5,0.87,0.8,7.2,8,10.9,1.2,0.7,4.1,2.3,25.2
189,James Harden\hardeja01,SG,31,HOU,8,8,36.3,7.5,16.9,0.444,3.1,9,0.347,4.4,7.9,0.556,0.537,6.6,7.5,0.883,0.6,4.5,5.1,10.4,0.9,0.8,4.3,1.8,24.8
189,James Harden\hardeja01,PG,31,BRK,34,34,37.3,8.1,17.3,0.467,2.7,7.5,0.361,5.4,9.8,0.548,0.545,6.5,7.5,0.867,0.9,7.8,8.7,11,1.3,0.7,4.1,2.4,25.4
190,Maurice Harkless\harklma01,SF-PF,27,TOT,18,4,13.3,0.8,2.1,0.395,0.4,1.4,0.308,0.4,0.7,0.583,0.5,0.2,0.3,0.667,0.2,1.1,1.3,0.7,0.3,0.3,0.3,1.6,2.3
190,Maurice Harkless\harklma01,SF,27,MIA,11,3,11.3,0.5,1.2,0.385,0.5,1,0.455,0,0.2,0,0.577,0,0.2,0,0.2,1,1.2,0.6,0.2,0.4,0.3,1.3,1.4
190,Maurice Harkless\harklma01,PF,27,SAC,7,1,16.4,1.4,3.6,0.4,0.4,2.1,0.2,1,1.4,0.7,0.46,0.6,0.6,1,0.1,1.3,1.4,0.9,0.4,0.1,0.4,2.1,3.9
191,Jared Harper\harpeja01,PG,23,NYK,4,0,2.3,0,0.5,0,0,0,,0,0.5,0,0,0.5,0.5,1,0,0,0,0,0,0,0.5,0,0.5
192,Montrezl Harrell\harremo01,C,27,LAL,52,1,24.7,6,9.5,0.63,0,0.2,0,6,9.3,0.643,0.63,2.8,4,0.709,2.5,4.2,6.7,1.1,0.7,0.8,1.2,2,14.7
193,Gary Harris\harriga01,SG,26,DEN,19,19,30.6,3.6,8.2,0.442,1.3,3.9,0.32,2.4,4.3,0.556,0.519,1.2,1.6,0.733,0.7,1.8,2.5,1.7,0.9,0.2,0.7,1.9,9.7
194,Jalen Harris\harrija01,SG,22,TOR,4,0,3.5,0.3,1,0.25,0.3,0.5,0.5,0,0.5,0,0.375,0,0,,0.3,0.5,0.8,0.5,0.3,0,0.3,0.5,0.8
195,Joe Harris\harrijo01,SF,29,BRK,52,48,30.8,5.2,10.2,0.512,3.2,6.6,0.484,2,3.6,0.565,0.669,0.6,0.8,0.727,0.6,3.1,3.7,1.8,0.6,0.2,0.8,2.1,14.2
196,Tobias Harris\harrito02,PF,28,PHI,46,46,33.4,8,15.3,0.522,1.4,3.5,0.401,6.6,11.8,0.558,0.568,3.2,3.5,0.895,1.1,6.3,7.3,3.6,0.9,0.8,1.9,2,20.5
197,Shaquille Harrison\harrish01,SG,27,UTA,17,0,3.3,0.4,1.2,0.3,0,0.1,0,0.4,1.1,0.333,0.3,0.3,0.4,0.833,0.2,0.4,0.5,0.5,0.1,0,0.3,0.2,1
198,Josh Hart\hartjo01,SF,25,NOP,47,4,28.7,3.2,7.3,0.439,1.3,4.1,0.326,1.9,3.2,0.583,0.531,1.5,1.9,0.775,1.1,6.9,8,2.3,0.8,0.3,1,2.4,9.2
199,Isaiah Hartenstein\harteis01,C,22,TOT,35,1,11.1,1.7,3.2,0.536,0.1,0.1,0.4,1.7,3.1,0.542,0.545,0.9,1.6,0.582,1.4,2.4,3.8,0.9,0.3,0.7,0.7,2.2,4.4
199,Isaiah Hartenstein\harteis01,C,22,DEN,30,0,9.1,1.4,2.7,0.513,0,0,,1.4,2.7,0.513,0.513,0.7,1.2,0.611,1.3,1.5,2.8,0.5,0.4,0.7,0.7,2,3.5
199,Isaiah Hartenstein\harteis01,C,22,CLE,5,1,23.4,3.8,6.4,0.594,0.4,1,0.4,3.4,5.4,0.63,0.625,2,3.8,0.526,1.6,8,9.6,3.4,0,1.2,0.6,3.4,10
200,Jaxson Hayes\hayesja02,C,20,NOP,39,3,14.6,2.4,3.6,0.662,0.1,0.1,0.667,2.4,3.6,0.662,0.669,1.2,1.6,0.787,1.3,2.4,3.7,0.6,0.3,0.5,0.7,1.9,6.1
201,Killian Hayes\hayeski01,PG,19,DET,10,7,21.4,2.2,6.6,0.333,0.7,2.7,0.259,1.5,3.9,0.385,0.386,0.1,0.2,0.5,0.2,1.7,1.9,3.7,0.6,0.3,2.3,2,5.2
202,Gordon Hayward\haywago01,SF,30,CHO,44,44,34,7.1,15,0.473,1.9,4.7,0.415,5.1,10.3,0.499,0.537,3.5,4.2,0.843,0.8,5,5.9,4.1,1.2,0.3,2.1,1.7,19.6
203,Juan Hernangómez\hernaju01,PF,25,MIN,33,6,16.5,2.3,5.2,0.434,0.9,2.8,0.315,1.4,2.5,0.568,0.517,1.2,1.8,0.655,0.9,3.3,4.2,0.6,0.4,0.1,0.5,0.9,6.6
204,Willy Hernangómez\hernawi01,C,26,NOP,29,2,16.1,2.7,5,0.534,0,0.3,0.125,2.7,4.8,0.558,0.538,1,1.7,0.604,2.3,4,6.3,1,0.3,0.5,0.6,1.1,6.4
205,Tyler Herro\herroty01,SG,21,MIA,41,14,31.7,5.8,13.5,0.429,2,5.7,0.34,3.8,7.7,0.495,0.502,2.1,2.5,0.817,0.5,4.5,5,3.4,0.7,0.4,2,1.4,15.6
206,Buddy Hield\hieldbu01,SG,28,SAC,52,52,34.6,5.6,14.2,0.396,4,10.5,0.383,1.6,3.8,0.431,0.537,1.2,1.4,0.851,0.4,4.1,4.5,3.1,0.8,0.3,1.8,2.6,16.5
207,George Hill\hillge01,PG,34,OKC,14,14,26.4,4.4,8.6,0.508,1.6,4.1,0.386,2.8,4.5,0.619,0.6,1.5,1.8,0.84,0.6,1.5,2.1,3.1,0.9,0.1,0.9,0.9,11.8
208,Solomon Hill\hillso01,PF,29,ATL,51,6,19.7,1.5,4.1,0.371,1,3.1,0.325,0.5,1,0.509,0.493,0.4,0.5,0.75,0.6,2,2.6,0.9,0.7,0.2,0.6,1.5,4.5
209,Nate Hinton\hintona01,SG,21,DAL,13,0,3.5,0.5,1.5,0.368,0.1,0.5,0.167,0.5,1,0.462,0.395,0.3,0.5,0.667,0,0.3,0.3,0.3,0.3,0.1,0.3,0.2,1.5
210,Jaylen Hoard\hoardja01,F,21,OKC,3,0,23.7,4,8.3,0.48,0,1,0,4,7.3,0.545,0.48,3.7,4.3,0.846,2,2,4,1,0.3,0.3,1.7,1.3,11.7
211,Aaron Holiday\holidaa01,PG,24,IND,48,6,17.5,2.6,6.7,0.394,1,2.8,0.36,1.6,3.9,0.419,0.47,0.9,1.2,0.768,0.2,1.1,1.2,1.7,0.6,0.1,0.9,1.6,7.2
212,Jrue Holiday\holidjr01,PG,30,MIL,40,37,31.8,6.9,13.5,0.508,1.9,4.8,0.394,5,8.7,0.572,0.579,1.6,2,0.823,1.3,3.3,4.6,5.4,1.8,0.5,2.2,1.8,17.2
213,Justin Holiday\holidju01,SG,31,IND,50,41,31.5,3.8,9.1,0.422,2.5,6.6,0.387,1.3,2.5,0.512,0.562,1,1.3,0.8,0.5,3.2,3.7,1.7,1.3,0.4,0.8,2,11.3
214,Richaun Holmes\holmeri01,C,27,SAC,48,48,30.2,6,9.3,0.641,0,0.2,0.222,5.9,9.1,0.649,0.643,2.2,2.7,0.802,2.6,6.4,9,1.7,0.7,1.7,1.2,3.7,14.2
215,Rodney Hood\hoodro01,SF,28,TOT,42,5,19,1.9,5.2,0.369,0.7,2.2,0.298,1.2,2.9,0.423,0.433,0.3,0.4,0.824,0.5,1.4,1.8,1.1,0.5,0.1,0.8,1.5,4.8
215,Rodney Hood\hoodro01,SF,28,POR,38,5,19.1,1.9,5.3,0.363,0.7,2.2,0.298,1.3,3.1,0.41,0.425,0.2,0.3,0.75,0.5,1.4,1.9,1.2,0.5,0.1,0.8,1.6,4.7
215,Rodney Hood\hoodro01,SF,28,TOR,4,0,17.8,1.8,4,0.438,0.8,2.5,0.3,1,1.5,0.667,0.531,1.3,1.3,1,0.3,0.8,1,0,0.3,0.3,0.5,1.5,5.5
216,Al Horford\horfoal01,C,34,OKC,28,28,27.9,5.8,12.9,0.45,2,5.4,0.368,3.8,7.4,0.51,0.528,0.6,0.8,0.818,1,5.7,6.7,3.4,0.9,0.9,1,1.7,14.2
217,Talen Horton-Tucker\hortota01,SG,20,LAL,47,1,19,3.3,7.3,0.45,0.5,1.9,0.267,2.8,5.4,0.516,0.485,1.3,1.6,0.827,0.4,2.3,2.7,2.3,0.9,0.4,1.4,2,8.4
218,Danuel House\houseda01,SF,27,HOU,31,21,27.2,3.2,7.9,0.406,1.6,4.5,0.36,1.6,3.4,0.467,0.508,1.3,1.9,0.661,0.6,3.3,3.9,1.9,0.6,0.5,1,2,9.3
219,Dwight Howard\howardw01,C,35,PHI,51,5,17.5,2.5,4.4,0.581,0.1,0.3,0.267,2.5,4.1,0.604,0.59,1.8,3.1,0.579,2.6,5.7,8.3,0.8,0.5,0.9,1.7,3,6.9
220,Markus Howard\howarma02,SG,21,DEN,24,0,3.4,0.4,1.8,0.233,0.2,1.3,0.167,0.2,0.5,0.385,0.291,0,0.1,0.5,0,0.3,0.3,0.4,0.1,0,0.3,0.5,1.1
221,Kevin Huerter\huertke01,SG,22,ATL,52,37,30.7,4.4,10.5,0.421,2.1,5.6,0.365,2.4,4.9,0.486,0.519,0.8,1,0.824,0.6,2.8,3.3,3.4,1.2,0.2,1.2,2.4,11.7
222,Elijah Hughes\hugheel01,SF,22,UTA,11,0,3.5,0.7,1.7,0.421,0.5,1.3,0.429,0.2,0.5,0.4,0.579,0.3,0.4,0.75,0,0.6,0.6,0.4,0.1,0.1,0.5,0,2.3
223,De'Andre Hunter\huntede01,SF,23,ATL,20,18,31.3,5.6,11.2,0.502,1.6,4.4,0.356,4.1,6.8,0.596,0.572,3.3,3.8,0.867,0.8,4.3,5.1,2.1,0.9,0.5,1.4,2.7,16
224,Chandler Hutchison\hutchch01,SF,24,TOT,12,0,13.6,1.3,4.3,0.314,0.3,1.1,0.231,1.1,3.2,0.342,0.343,0.7,0.8,0.889,0.3,3.2,3.5,0.6,0.3,0,1.2,1.4,3.6
224,Chandler Hutchison\hutchch01,SF,24,CHI,7,0,9.1,0.7,2.6,0.278,0.1,0.4,0.333,0.6,2.1,0.267,0.306,0.3,0.3,1,0.1,2.7,2.9,0.6,0.1,0,0.7,1.3,1.9
224,Chandler Hutchison\hutchch01,SF,24,WAS,5,0,19.8,2.2,6.6,0.333,0.4,2,0.2,1.8,4.6,0.391,0.364,1.2,1.4,0.857,0.6,3.8,4.4,0.6,0.6,0,1.8,1.6,6
225,Serge Ibaka\ibakase01,C,31,LAC,39,39,23.6,4.5,8.9,0.507,1,2.8,0.352,3.5,6.1,0.577,0.562,0.9,1.2,0.822,1.7,4.9,6.7,1.7,0.2,1.2,1.1,1.9,10.9
226,Andre Iguodala\iguodan01,SF,37,MIA,47,2,21.3,1.5,4,0.372,1,3,0.324,0.5,1,0.522,0.495,0.4,0.7,0.636,0.6,3.2,3.8,2.1,1,0.5,1,1.4,4.4
227,Ersan İlyasova\ilyaser01,PF,33,UTA,6,0,5.5,0.7,2,0.333,0.5,1.7,0.3,0.2,0.3,0.5,0.458,0.5,0.5,1,0.5,0.7,1.2,0.3,0.2,0,0.2,1,2.3
228,Joe Ingles\inglejo01,SF,33,UTA,48,13,26.6,4,7.6,0.526,2.6,5.4,0.492,1.3,2.2,0.61,0.701,1.1,1.2,0.864,0.4,3.2,3.6,4.1,0.7,0.2,1.6,1.8,11.7
229,Brandon Ingram\ingrabr01,SF,23,NOP,46,46,34.4,8.5,17.9,0.475,2.4,6.2,0.386,6.1,11.7,0.521,0.541,4.5,5.1,0.876,0.6,4.3,4.9,4.7,0.6,0.7,2.4,2,23.8
230,Kyrie Irving\irvinky01,PG,28,BRK,37,37,35.6,10.8,20.9,0.514,2.8,7.1,0.398,7.9,13.9,0.572,0.581,3.6,3.9,0.904,1.1,3.7,4.9,6.2,1.2,0.6,2.3,2.8,27.9
231,Wesley Iwundu\iwundwe01,SF,26,TOT,29,3,13.6,0.9,2.6,0.333,0.1,1.1,0.121,0.7,1.4,0.5,0.36,0.7,0.8,0.864,0.3,1.8,2.1,0.5,0.4,0.1,0.5,1.2,2.5
231,Wesley Iwundu\iwundwe01,SF,26,DAL,23,3,12.5,0.7,2.3,0.327,0.1,1,0.13,0.6,1.3,0.483,0.356,0.5,0.6,0.857,0.3,1.7,1.9,0.4,0.4,0.1,0.3,1.1,2.1
231,Wesley Iwundu\iwundwe01,SF,26,NOP,6,0,17.8,1.3,3.8,0.348,0.2,1.7,0.1,1.2,2.2,0.538,0.37,1.2,1.3,0.875,0.5,2.3,2.8,0.7,0.7,0,1.3,1.5,4
232,Frank Jackson\jacksfr01,PG,22,DET,23,4,14.1,2.3,5.2,0.437,1.2,2.8,0.431,1,2.3,0.444,0.555,1,1.1,0.846,0.3,1.2,1.6,0.7,0.3,0,0.8,1,6.7
233,Josh Jackson\jacksjo02,SG,23,DET,47,12,24.4,4.6,11,0.418,1.2,4,0.294,3.4,7.1,0.488,0.471,2.2,3.1,0.719,0.9,3.1,4.1,2.1,0.9,0.7,2.1,2.8,12.6
234,Justin Jackson\jacksju01,SF,25,OKC,33,3,16.5,2.6,6.4,0.406,1,3.4,0.306,1.6,3.1,0.515,0.486,0.9,1.1,0.857,0.4,1.7,2.2,1.5,0.5,0.1,0.9,0.9,7.2
235,Reggie Jackson\jacksre01,SG,30,LAC,50,28,21.6,3.6,7.9,0.453,1.6,3.7,0.419,2,4.2,0.483,0.552,0.9,1.2,0.797,0.3,2.3,2.7,2.9,0.6,0.1,1.1,1.9,9.7
236,Justin James\jamesju01,SF,24,SAC,25,0,6,0.7,1.7,0.429,0.2,0.7,0.294,0.5,1,0.52,0.488,0.2,0.5,0.417,0.1,0.3,0.4,0.6,0.1,0,0.2,0.4,1.8
237,LeBron James\jamesle01,PG,36,LAL,41,41,33.9,9.5,18.4,0.513,2.4,6.5,0.368,7.1,12,0.592,0.578,4.1,5.8,0.703,0.6,7.3,7.9,7.9,1,0.6,3.7,1.6,25.4
238,DaQuan Jeffries\jeffrda01,SG,23,SAC,18,2,12.9,1.3,3.2,0.421,0.5,1.6,0.321,0.8,1.6,0.517,0.5,0.3,0.4,0.857,0.5,1.1,1.6,0.3,0.4,0.2,0.4,1.3,3.5
239,Ty Jerome\jeromty01,SG,23,OKC,19,1,25.7,3.6,8.5,0.426,2.1,5.1,0.402,1.6,3.4,0.462,0.546,0.4,0.6,0.583,0.5,2.4,2.9,3.6,0.6,0.2,1.1,1.8,9.7
240,Isaiah Joe\joeis01,SG,21,PHI,26,1,10.5,1.2,3.5,0.352,1,2.7,0.352,0.3,0.8,0.35,0.489,0.3,0.3,0.889,0.2,0.8,1,0.7,0.3,0.2,0.2,1,3.7
241,Alize Johnson\johnsal02,PF,24,BRK,5,0,15,4.2,6.4,0.656,0,0.4,0,4.2,6,0.7,0.656,0.2,0.2,1,1.8,4.8,6.6,1.2,0.6,0,0.4,0.6,8.6
242,Cameron Johnson\johnsca02,PF,24,PHO,45,9,23.3,3.4,7.8,0.441,2.1,5.4,0.387,1.3,2.4,0.566,0.576,0.8,0.9,0.881,0.6,2.7,3.3,1.4,0.6,0.3,0.7,1.4,9.8
243,James Johnson\johnsja01,PF,33,TOT,34,6,19,2.7,5.8,0.46,0.7,2.3,0.291,2,3.5,0.571,0.518,0.8,1.3,0.614,0.6,2.6,3.2,2,0.8,1,1.1,2.2,6.8
243,James Johnson\johnsja01,PF,33,DAL,29,1,17.4,2.3,5,0.462,0.5,2.1,0.25,1.8,2.9,0.612,0.514,0.6,1,0.586,0.5,2.5,3,1.7,0.8,0.8,0.9,2,5.7
243,James Johnson\johnsja01,F,33,NOP,5,5,28.6,4.8,10.6,0.453,1.6,3.8,0.421,3.2,6.8,0.471,0.528,2,3,0.667,1.2,3.2,4.4,3.4,0.8,2,1.8,3.4,13.2
244,Keldon Johnson\johnske04,SF,21,SAS,46,44,28.8,5,10.5,0.476,0.9,2.7,0.328,4.1,7.8,0.526,0.518,2.3,3,0.748,1.6,4.9,6.5,1.8,0.6,0.5,1.1,2.1,13.1
245,Stanley Johnson\johnsst04,PF,24,TOR,46,6,14.6,1,2.7,0.384,0.6,1.6,0.351,0.5,1.1,0.431,0.488,0.4,0.5,0.773,0.4,1.8,2.3,1.2,0.7,0.3,0.7,1.8,3
246,Tyler Johnson\johnsty01,SG,28,BRK,31,2,16.8,1.8,4.6,0.394,1.2,3.3,0.376,0.6,1.3,0.439,0.528,0.5,0.6,0.842,0.2,1.7,1.9,0.9,0.4,0,0.4,1,5.4
247,Nikola Jokić\jokicni01,C,25,DEN,51,51,35.4,10.4,18.3,0.571,1.4,3.4,0.422,9,14.9,0.605,0.61,4,4.7,0.858,2.8,8.1,10.9,8.7,1.5,0.6,3.1,2.7,26.3
248,Damian Jones\jonesda03,C,25,TOT,22,6,9.4,1.1,1.5,0.727,0,0,0,1.1,1.5,0.75,0.727,0.8,1,0.739,0.7,1.3,2,0.2,0.1,0.5,0.5,1.9,3
248,Damian Jones\jonesda03,C,25,PHO,14,0,6.7,0.6,1.1,0.5,0,0.1,0,0.6,1.1,0.533,0.5,0.4,0.8,0.545,0.5,0.8,1.3,0.3,0.1,0.4,0.4,1.4,1.6
248,Damian Jones\jonesda03,C,25,LAL,8,6,14,2,2.1,0.941,0,0,,2,2.1,0.941,0.941,1.4,1.5,0.917,1,2.3,3.3,0.1,0.1,0.9,0.6,2.8,5.4
249,Derrick Jones Jr.\jonesde02,SF,23,POR,46,40,25.2,2.8,5.9,0.483,0.9,2.7,0.325,2,3.2,0.615,0.557,1.1,1.7,0.658,1.6,2.6,4.1,0.8,0.7,1.1,0.6,2.3,7.7
250,Mason Jones\jonesma05,SG,22,TOT,27,1,11.7,1.9,4.3,0.427,0.9,2.4,0.359,1,2,0.509,0.526,1.3,2.1,0.614,0.2,1.7,2,1.5,0.2,0,1,0.8,5.9
250,Mason Jones\jonesma05,SG,22,HOU,26,1,11.8,1.8,4.4,0.412,0.9,2.5,0.359,0.9,1.9,0.48,0.513,1.3,2.2,0.614,0.2,1.8,2,1.5,0.2,0,1.1,0.8,5.8
250,Mason Jones\jonesma05,G,22,PHI,1,0,9,3,3,1,0,0,,3,3,1,1,0,0,,2,0,2,1,0,0,0,0,6
251,Tre Jones\jonestr01,PG,21,SAS,24,0,4.6,0.8,1.6,0.462,0,0,1,0.7,1.6,0.447,0.474,0.2,0.2,1,0.2,0.2,0.4,0.5,0.1,0,0.4,0.2,1.8
252,Tyus Jones\jonesty01,PG,24,MEM,49,8,19.5,2.8,6.6,0.432,0.7,2.2,0.312,2.1,4.3,0.493,0.484,0.6,0.7,0.906,0.4,1.9,2.3,4.1,1.1,0.1,0.8,0.4,7
253,DeAndre Jordan\jordade01,C,32,BRK,46,36,22.2,3.4,4.4,0.768,0,0,0,3.4,4.4,0.772,0.768,0.7,1.4,0.492,2,5.2,7.2,1.6,0.3,1.2,1.5,2.1,7.5
254,Cory Joseph\josepco01,PG,29,TOT,53,3,21.8,2.8,6.1,0.466,0.7,2,0.33,2.2,4.1,0.532,0.52,1.2,1.4,0.824,0.6,1.8,2.4,2.9,0.9,0.2,1.2,2.2,7.5
254,Cory Joseph\josepco01,PG,29,SAC,44,2,21.5,2.5,5.7,0.444,0.7,2.1,0.33,1.8,3.5,0.513,0.506,0.8,1.1,0.766,0.6,1.7,2.3,2.5,0.9,0.2,1,2.2,6.6
254,Cory Joseph\josepco01,PG,29,DET,9,1,23.4,4.3,8,0.542,0.4,1.3,0.333,3.9,6.7,0.583,0.569,2.8,3,0.926,0.6,2.6,3.1,5.1,1.2,0.4,2.2,1.9,11.9
255,Mfiondu Kabengele\kabenmf01,PF,23,LAC,23,0,4.1,0.4,1.4,0.281,0.2,0.8,0.222,0.2,0.6,0.357,0.344,0.2,0.3,0.833,0,0.6,0.6,0.2,0.1,0.1,0.3,0.8,1.2
256,Frank Kaminsky\kaminfr01,C,27,PHO,32,13,15.1,2.6,5.4,0.471,0.8,2,0.406,1.8,3.4,0.509,0.546,0.6,1,0.606,0.7,3,3.7,1.6,0.3,0.4,0.5,1.3,6.6
257,Enes Kanter\kanteen01,C,28,POR,51,33,26.5,5,8.3,0.604,0,0,0,5,8.3,0.605,0.604,1.9,2.4,0.787,4.2,7.4,11.6,1.3,0.5,0.7,1.2,2.6,11.9
258,Luke Kennard\kennalu01,SG,24,LAC,47,9,18.9,3,6.2,0.483,1.6,3.4,0.466,1.4,2.8,0.504,0.611,0.3,0.4,0.842,0.3,2.3,2.6,1.6,0.3,0.2,0.7,1.5,7.9
259,Maxi Kleber\klebima01,PF,29,DAL,37,31,28.3,2.4,5.6,0.437,1.8,4.2,0.433,0.6,1.3,0.449,0.602,0.9,0.9,0.914,0.9,4.6,5.5,1.4,0.5,0.7,0.6,2.3,7.6
260,Nathan Knight\knighna01,PF,23,ATL,22,0,7.7,1.1,2.7,0.424,0.2,0.8,0.278,0.9,1.9,0.488,0.466,1.3,1.6,0.806,0.7,1.2,1.9,0.2,0.3,0.3,0.5,0.7,3.8
261,Kevin Knox\knoxke01,SF,21,NYK,33,0,13.1,1.6,4,0.406,1,2.5,0.41,0.6,1.5,0.4,0.534,0.4,0.5,0.813,0.3,1.4,1.6,0.5,0.3,0.2,0.5,1.1,4.7
262,John Konchar\konchjo01,SG,24,MEM,26,0,14.3,1.3,3,0.449,0.5,1.2,0.387,0.9,1.8,0.489,0.526,0.7,0.8,0.818,0.9,2.2,3,1.2,0.8,0.2,0.5,1.2,3.8
263,Furkan Korkmaz\korkmfu01,SG,23,PHI,40,5,18.9,2.9,7.5,0.389,1.6,4.5,0.358,1.3,3,0.437,0.497,1.2,1.7,0.742,0.3,1.8,2,1.2,0.8,0.2,0.9,1.1,8.6
264,Luke Kornet\kornelu01,PF-C,25,TOT,19,0,9.4,1.1,2.8,0.389,0.6,2,0.316,0.5,0.8,0.563,0.5,0.1,0.3,0.4,0.3,1.6,1.9,0.5,0.1,0.7,0.2,0.4,2.9
264,Luke Kornet\kornelu01,PF,25,CHI,13,0,7.2,0.7,2.1,0.333,0.5,1.8,0.261,0.2,0.3,0.75,0.444,0.2,0.3,0.5,0.1,1.1,1.2,0.3,0.2,0.5,0.1,0.1,2
264,Luke Kornet\kornelu01,C,25,BOS,6,0,14.2,2,4.5,0.444,1,2.5,0.4,1,2,0.5,0.556,0,0.2,0,0.8,2.7,3.5,1,0,1.2,0.3,1.2,5
265,Rodions Kurucs\kurucro01,SF-PF,22,TOT,16,0,5.7,0.4,1.5,0.25,0.2,1.1,0.176,0.2,0.4,0.429,0.313,0.1,0.1,0.5,0.1,0.8,0.9,0.4,0.4,0.3,0.6,0.5,1
265,Rodions Kurucs\kurucro01,PF,22,BRK,5,0,3.2,0.2,0.6,0.333,0.2,0.4,0.5,0,0.2,0,0.5,0,0,,0,0.6,0.6,0.4,0,0,0,0.2,0.6
265,Rodions Kurucs\kurucro01,SF,22,HOU,11,0,6.8,0.5,1.9,0.238,0.2,1.4,0.133,0.3,0.5,0.5,0.286,0.1,0.2,0.5,0.2,0.8,1,0.4,0.5,0.4,0.8,0.6,1.2
266,Kyle Kuzma\kuzmaky01,SF,25,LAL,50,20,28,4.9,11.2,0.434,2,5.6,0.351,2.9,5.6,0.518,0.522,0.8,1.3,0.636,1.8,4.9,6.8,1.7,0.4,0.6,1.8,1.7,12.6
267,Anthony Lamb\lamban01,SF,23,HOU,9,0,13.2,0.8,3.8,0.206,0.3,2.2,0.15,0.4,1.6,0.286,0.25,0.3,0.4,0.75,1.4,1.7,3.1,0.3,0.1,0.1,0.3,1.6,2.2
268,Jeremy Lamb\lambje01,SG,28,IND,30,8,21.5,3.4,7.8,0.438,1.5,3.6,0.413,1.9,4.1,0.46,0.534,2.2,2.3,0.956,0.7,2.8,3.6,1.6,1,0.6,0.7,2,10.5
269,Romeo Langford\langfro01,SG,21,BOS,3,1,17,1.3,4,0.333,1,2,0.5,0.3,2,0.167,0.458,0,0,,1.7,1,2.7,0.7,0.7,0.3,1,0.7,3.7
270,Zach LaVine\lavinza01,SG,25,CHI,49,49,35,9.7,19.1,0.507,3.3,8,0.415,6.3,11.1,0.574,0.594,4.4,5.2,0.85,0.6,4.4,5,4.9,0.9,0.4,3.7,2.3,27.1
271,Jake Layman\laymaja01,SF,26,MIN,38,11,15.2,2.2,4.3,0.497,0.5,1.8,0.279,1.7,2.6,0.649,0.555,0.6,0.9,0.727,0.3,1.3,1.7,0.7,0.7,0.4,0.6,1,5.4
272,Jalen Lecque\lecquja01,PG,20,IND,4,0,3,0.3,2.3,0.111,0,0.3,0,0.3,2,0.125,0.111,0.8,0.8,1,0.5,0.8,1.3,0.5,0,0,0,0,1.3
273,Damion Lee\leeda03,SG,28,GSW,50,1,18.9,2.2,4.8,0.454,1.3,3.5,0.387,0.8,1.3,0.631,0.595,0.7,0.8,0.9,0.4,2.8,3.1,1.3,0.6,0.1,0.5,1.6,6.4
274,Saben Lee\leesa01,PG,21,DET,30,7,15.7,2.1,4.3,0.481,0.2,0.5,0.5,1.8,3.8,0.478,0.508,1.5,2.2,0.667,0.4,1.5,1.9,3.2,0.6,0.3,1,1.6,5.8
275,Alex Len\lenal01,C,27,TOT,42,20,15.6,2.6,4.2,0.624,0.1,0.5,0.286,2.5,3.7,0.669,0.64,1,1.8,0.579,1,2.7,3.7,0.8,0.3,1.1,0.9,2.1,6.5
275,Alex Len\lenal01,C,27,TOR,7,2,10.9,0.7,1.4,0.5,0.4,0.9,0.5,0.3,0.6,0.5,0.65,0.4,0.9,0.5,0,1.6,1.6,0.4,0.1,0.9,1.1,1.4,2.3
275,Alex Len\lenal01,C,27,WAS,35,18,16.5,3,4.8,0.631,0.1,0.4,0.2,2.9,4.4,0.673,0.64,1.2,2,0.586,1.2,3,4.2,0.9,0.3,1.2,0.8,2.2,7.3
276,Kawhi Leonard\leonaka01,SF,29,LAC,44,44,34.7,9.4,18.3,0.514,1.9,4.9,0.392,7.5,13.4,0.56,0.567,5.1,5.8,0.878,1.2,5.4,6.6,5,1.7,0.4,2,1.7,25.8
277,Meyers Leonard\leoname01,C,28,MIA,3,2,9.7,1,2.3,0.429,1,2.3,0.429,0,0,,0.643,0.3,0.7,0.5,0,2.3,2.3,0.7,0,0,0.7,1.7,3.3
278,Caris LeVert\leverca01,SG,26,TOT,26,18,30.6,6.7,15.8,0.422,1.7,5.3,0.324,5,10.5,0.473,0.477,2.2,2.9,0.773,0.7,3.7,4.3,5.2,1.4,0.3,2,1.8,17.3
278,Caris LeVert\leverca01,SG,26,BRK,12,4,27.8,7.3,16.7,0.435,1.8,5.3,0.349,5.4,11.4,0.474,0.49,2.2,2.8,0.765,0.8,3.5,4.3,6,1.1,0.5,2.2,1.7,18.5
278,Caris LeVert\leverca01,SG,26,IND,14,14,32.9,6.2,15.1,0.41,1.6,5.4,0.303,4.6,9.7,0.471,0.465,2.3,2.9,0.78,0.5,3.8,4.3,4.6,1.6,0.1,1.8,1.9,16.4
279,Kira Lewis Jr.\lewiski01,PG,19,NOP,33,0,15.7,2.6,6.2,0.422,0.8,2.2,0.366,1.8,4.1,0.452,0.485,0.6,0.8,0.75,0.2,1,1.2,2.3,0.7,0.2,0.5,1.5,6.7
280,Damian Lillard\lillada01,PG,30,POR,49,49,35.9,9,20.3,0.442,4.1,10.8,0.377,4.9,9.4,0.517,0.543,7.1,7.6,0.93,0.5,3.7,4.3,7.7,0.9,0.3,3.1,1.6,29.1
281,Nassir Little\littlna01,PF,20,POR,32,2,14.1,1.8,3.9,0.468,0.8,2.1,0.373,1.1,1.8,0.576,0.567,1,1.1,0.861,0.7,2.1,2.8,0.5,0.1,0.4,0.4,1.1,5.4
282,Kevon Looney\looneke01,C,24,GSW,40,15,15.4,1.6,2.7,0.578,0.1,0.3,0.364,1.5,2.5,0.602,0.596,0.5,0.7,0.741,1.6,2.4,4,1.9,0.4,0.4,0.6,2,3.8
283,Brook Lopez\lopezbr01,C,32,MIL,51,51,27.4,4.2,8.8,0.482,1.5,4.3,0.338,2.8,4.5,0.62,0.565,1.5,1.8,0.846,1.5,3.5,4.9,0.8,0.6,1.4,0.9,2.1,11.4
284,Robin Lopez\lopezro01,C,32,WAS,50,9,20.4,3.6,5.8,0.616,0.1,0.4,0.278,3.5,5.4,0.638,0.625,1.5,2.1,0.702,2.1,2,4.1,0.9,0.3,0.6,1.1,1.7,8.7
285,Kevin Love\loveke01,PF,32,CLE,8,8,18.9,3,7.6,0.393,1.6,4.6,0.351,1.4,3,0.458,0.5,1.5,1.9,0.8,0.6,5.1,5.8,2,0.6,0.1,1.6,1.3,9.1
286,Kyle Lowry\lowryky01,PG,34,TOR,39,39,34.6,5.6,12.9,0.436,2.7,6.9,0.394,2.9,6.1,0.483,0.541,3,3.4,0.881,0.8,4.6,5.4,7.3,1,0.3,2.8,3.2,17
287,Timothé Luwawu-Cabarrot\luwawti01,SF,25,BRK,45,7,19.4,2.3,6.4,0.356,1.4,4.4,0.32,0.9,2,0.435,0.465,0.6,0.8,0.806,0.5,1.9,2.4,1.3,0.7,0.1,0.8,1.9,6.6
288,Trey Lyles\lylestr01,PF,25,SAS,23,9,15.6,1.9,3.9,0.478,0.6,1.7,0.35,1.3,2.2,0.58,0.556,0.7,1,0.652,0.4,3.3,3.7,0.6,0.3,0,0.3,0.6,5
289,Will Magnay\magnawi01,C,22,NOP,1,0,3,0,1,0,0,1,0,0,0,,0,0,0,,0,0,0,0,0,0,1,1,0
290,Thon Maker\makerth01,C,23,CLE,8,0,9.5,1.3,2.3,0.556,0,0.3,0,1.3,2,0.625,0.556,1.3,1.4,0.909,1,1.3,2.3,0.5,0.3,0.5,0.4,0.9,3.8
291,Théo Maledon\maledth01,PG,19,OKC,46,30,27.3,3.4,9,0.379,1.7,4.7,0.358,1.7,4.3,0.403,0.473,1.3,1.6,0.787,0.4,3.1,3.5,3.3,0.9,0.1,2.1,2.2,9.8
292,Karim Mané\maneka01,PG,20,ORL,9,0,9.3,0.2,1.3,0.167,0.1,0.2,0.5,0.1,1.1,0.1,0.208,0.4,0.4,1,0.1,1.4,1.6,0.4,0,0.2,0.3,1,1
293,Terance Mann\mannte01,SG,24,LAC,50,4,17.6,2.3,4.8,0.49,0.4,1.2,0.379,1.9,3.6,0.525,0.536,1.1,1.4,0.779,0.9,2.8,3.7,1.4,0.4,0.2,0.6,1.8,6.2
294,Nico Mannion\mannini01,PG,19,GSW,19,1,14.5,1.6,4.7,0.348,0.9,2.5,0.375,0.7,2.2,0.317,0.449,1.1,1.3,0.8,0.1,1.5,1.6,2.7,0.7,0.1,1.2,1.3,5.3
295,Boban Marjanović\marjabo01,C,32,DAL,23,3,9.1,2.1,4.4,0.485,0,0.3,0,2.1,4.1,0.516,0.485,0.8,1,0.75,1.7,2.7,4.4,0.3,0,0.2,0.4,1,5
296,Lauri Markkanen\markkla01,PF,23,CHI,30,25,28.6,5.9,12.1,0.49,2.5,6.4,0.389,3.4,5.7,0.606,0.594,2,2.4,0.847,0.7,5,5.7,0.9,0.5,0.4,1.2,1.6,16.4
297,Naji Marshall\marshna01,SF,23,NOP,11,1,11.6,0.8,2.9,0.281,0.2,1,0.182,0.6,1.9,0.333,0.313,1.5,2.1,0.739,0.1,1.8,1.9,1.3,0.5,0.3,0.5,1.1,3.4
298,Caleb Martin\martica02,SF,25,CHO,36,1,13.5,1.8,4.5,0.389,0.6,2,0.296,1.2,2.5,0.462,0.454,0.6,1,0.595,0.6,1.9,2.4,1,0.8,0.2,0.6,1,4.7
299,Cody Martin\martico01,SF,25,CHO,38,2,14.3,1.5,3.4,0.45,0.3,1.1,0.275,1.2,2.3,0.528,0.492,0.5,0.8,0.6,0.8,1.7,2.5,1.4,0.6,0.2,0.6,0.9,3.8
300,Kelan Martin\martike03,SF,25,IND,18,0,5.4,0.7,1.9,0.382,0.3,0.9,0.313,0.4,1,0.444,0.456,0.2,0.2,1,0.2,0.9,1.1,0.2,0.3,0.1,0.3,0.4,1.9
301,Kenyon Martin Jr.\martike04,SF,20,HOU,24,0,19.1,2.7,5,0.542,0.4,1,0.36,2.3,4,0.589,0.579,1.1,1.6,0.711,1.8,2.8,4.5,0.8,0.5,1,0.8,1.8,6.9
302,Frank Mason III\masonfr01,PG,26,ORL,4,1,19.8,2.3,6,0.375,0.5,1.3,0.4,1.8,4.8,0.368,0.417,1.3,1.8,0.714,0.8,2.3,3,3,0,0,1.3,1.8,6.3
303,Garrison Mathews\mathega01,SG,24,WAS,44,22,18.6,1.9,4.3,0.436,1.5,3.5,0.418,0.4,0.8,0.514,0.606,1.4,1.6,0.887,0.3,1.2,1.5,0.5,0.6,0.1,0.2,1.8,6.6
304,Dakota Mathias\mathida01,SG,25,PHI,8,2,15.4,2.4,6,0.396,1,3.3,0.308,1.4,2.8,0.5,0.479,0.3,0.8,0.333,0.1,0.8,0.9,1.6,0.1,0.4,0.1,0.9,6
305,Wesley Matthews\matthwe02,SG,34,LAL,44,6,20.1,1.5,4.4,0.352,1.2,3.5,0.342,0.4,0.9,0.39,0.487,0.5,0.6,0.857,0.3,1.3,1.7,1,0.6,0.3,0.5,1.5,4.8
306,Tyrese Maxey\maxeyty01,SG,20,PHI,43,6,14.6,3,6.7,0.451,0.4,1.5,0.288,2.6,5.2,0.5,0.484,0.7,0.8,0.857,0.2,1.4,1.6,1.6,0.3,0.2,0.6,1.1,7.2
307,Skylar Mays\mayssk01,SG,23,ATL,24,0,7.5,1.1,2.7,0.4,0.4,1.1,0.37,0.7,1.6,0.421,0.477,0.8,0.9,0.857,0.4,0.6,1,0.8,0.4,0,0.3,0.5,3.3
308,Patrick McCaw\mccawpa01,SF,25,TOR,5,0,6.6,0.2,0.2,1,0,0,,0.2,0.2,1,1,0.6,0.6,1,0.2,0.4,0.6,0.8,0.4,0,0,1.2,1
309,CJ McCollum\mccolcj01,SG,29,POR,26,26,33,8.5,19,0.448,4,9.8,0.406,4.5,9.2,0.494,0.554,2.5,3,0.846,0.5,3.2,3.7,4.7,1.1,0.5,1.3,1.8,23.6
310,T.J. McConnell\mccontj01,PG,28,IND,47,2,25.7,3.7,6.6,0.557,0.2,0.5,0.32,3.5,6,0.577,0.57,0.4,0.6,0.6,0.7,2.9,3.6,6.7,1.7,0.4,1.9,1.6,7.9
311,Jaden McDaniels\mcdanja02,PF,20,MIN,45,11,22.2,2.5,5.7,0.443,1.1,3,0.378,1.4,2.7,0.517,0.543,0.4,0.8,0.571,0.8,2.8,3.6,1.1,0.5,1,0.7,2.5,6.6
312,Jalen McDaniels\mcdanja01,SF,23,CHO,25,2,11.6,1.9,4,0.475,0.4,1.4,0.306,1.4,2.5,0.571,0.53,0.6,0.9,0.696,0.4,1.7,2.2,0.6,0.2,0.2,0.7,1.6,4.8
313,Doug McDermott\mcderdo01,PF,29,IND,48,19,24.9,5.1,9.9,0.518,1.7,4.5,0.384,3.4,5.4,0.628,0.605,1.2,1.4,0.841,1,2.6,3.6,1.4,0.3,0.1,0.8,1.7,13.2
314,Sean McDermott\mcderse01,SF,24,MEM,15,0,10.2,0.9,2.2,0.394,0.3,1.5,0.227,0.5,0.7,0.727,0.47,0.5,0.5,1,0.4,0.9,1.3,0.3,0.1,0.2,0.3,0.5,2.6
315,JaVale McGee\mcgeeja01,C,33,TOT,35,1,14.9,3.3,6.3,0.523,0.1,0.6,0.25,3.2,5.8,0.55,0.534,1.1,1.7,0.644,1.7,3.5,5.1,0.9,0.5,1.2,1.3,2.4,7.9
315,JaVale McGee\mcgeeja01,C,33,CLE,33,1,15.2,3.4,6.5,0.521,0.2,0.6,0.25,3.2,5.9,0.549,0.533,1.1,1.7,0.655,1.6,3.5,5.2,1,0.5,1.2,1.4,2.4,8
315,JaVale McGee\mcgeeja01,C,33,DEN,2,0,9.5,2,3.5,0.571,0,0,,2,3.5,0.571,0.571,1,2,0.5,2,3,5,0,0.5,0.5,1,2.5,5
316,Rodney McGruder\mcgruro01,SG,29,DET,16,2,12.1,2.3,4.4,0.529,0.7,1.5,0.458,1.6,2.9,0.565,0.607,0.4,0.5,0.75,0.5,0.9,1.4,1,0.5,0.1,0.4,0.8,5.7
317,Alfonzo McKinnie\mckinal01,SF,28,LAL,30,0,5.5,0.9,1.8,0.5,0.3,0.7,0.364,0.6,1.1,0.594,0.574,0.3,0.5,0.6,0.3,0.7,1,0.1,0.1,0,0.1,0.5,2.4
318,Jordan McLaughlin\mclaujo01,PG,24,MIN,32,2,20.7,2.1,5.6,0.374,0.6,1.8,0.339,1.5,3.8,0.392,0.43,0.4,0.5,0.75,0.4,1.8,2.2,4.5,1.1,0.2,1.1,1,5.2
319,Ben McLemore\mclembe01,SG,27,TOT,33,4,16.8,2.5,6.9,0.355,1.7,5.1,0.325,0.8,1.8,0.441,0.476,0.8,1.1,0.75,0.3,1.7,2.1,0.8,0.6,0.1,0.8,1.6,7.4
319,Ben McLemore\mclembe01,SG,27,HOU,32,4,16.8,2.5,7,0.357,1.7,5.2,0.331,0.8,1.8,0.431,0.48,0.7,1,0.719,0.3,1.7,2.1,0.9,0.6,0.1,0.9,1.6,7.4
319,Ben McLemore\mclembe01,G,27,LAL,1,0,17,1,4,0.25,0,3,0,1,1,1,0.25,4,4,1,0,2,2,0,0,0,0,1,6
320,Nicolò Melli\mellini01,PF,30,TOT,29,3,12.4,0.9,2.9,0.301,0.4,1.7,0.224,0.5,1.2,0.412,0.367,0.3,0.3,0.9,0.6,2.2,2.8,1.1,0.4,0.1,0.3,1.4,2.4
320,Nicolò Melli\mellini01,PF,30,NOP,22,0,11,0.7,2.7,0.254,0.3,1.7,0.189,0.4,1,0.364,0.314,0.3,0.3,0.857,0.5,2,2.6,1.1,0.4,0,0.3,1.3,2
320,Nicolò Melli\mellini01,PF,30,DAL,7,3,17.1,1.4,3.4,0.417,0.6,1.7,0.333,0.9,1.7,0.5,0.5,0.4,0.4,1,0.7,2.6,3.3,0.9,0.3,0.1,0.1,1.7,3.9
321,De'Anthony Melton\meltode01,PG,22,MEM,35,1,19.9,3.7,7.8,0.48,1.8,4,0.453,1.9,3.8,0.507,0.595,0.8,1,0.771,0.7,2.5,3.2,2.7,1.2,0.5,1.2,1.7,10.1
322,Sam Merrill\merrisa01,SG,24,MIL,21,1,7.1,1,2,0.465,0.6,1.3,0.464,0.3,0.7,0.467,0.616,0.1,0.1,1,0.3,0.7,1,0.8,0.2,0,0.4,0.4,2.6
323,Chimezie Metu\metuch01,C,23,SAC,19,0,9.1,1.9,3.3,0.597,0.2,0.4,0.429,1.8,2.9,0.618,0.621,0.4,0.5,0.7,0.8,1.7,2.6,0.8,0.2,0.5,0.6,1.3,4.4
324,Khris Middleton\middlkh01,SF,29,MIL,50,50,33.6,7.5,15.7,0.48,2.2,5,0.434,5.3,10.7,0.501,0.549,3,3.4,0.889,0.8,5.2,6,5.4,1.1,0.2,2.8,2.4,20.3
325,Darius Miller\milleda01,SF,30,OKC,18,0,10.9,1.2,2.7,0.458,0.9,2.3,0.405,0.3,0.3,0.833,0.635,0.7,0.7,1,0.1,1.2,1.3,1.2,0.7,0.3,0.4,0.7,4.1
326,Patty Mills\millspa02,PG,32,SAS,48,0,26,4.3,10,0.431,2.7,6.9,0.389,1.6,3.1,0.523,0.565,1.2,1.3,0.905,0.3,1.4,1.7,2.5,0.6,0,0.9,1.3,12.4
327,Paul Millsap\millspa01,PF,35,DEN,40,34,22.5,3.5,7,0.504,1.1,2.7,0.389,2.5,4.3,0.576,0.579,1.3,1.9,0.703,1.5,3.4,4.8,1.7,0.9,0.7,0.9,2.1,9.4
328,Shake Milton\miltosh01,SG,24,PHI,43,2,24.2,5.1,11.2,0.454,1,3.2,0.326,4,8,0.506,0.501,2.7,3.1,0.866,0.6,1.7,2.3,3,0.7,0.3,1.7,2.2,13.9
329,Donovan Mitchell\mitchdo01,SG,24,UTA,49,49,33.6,8.9,20.3,0.439,3.3,8.6,0.389,5.6,11.7,0.477,0.522,4.8,5.6,0.844,1,3.6,4.5,5.3,1,0.3,2.8,2.2,26
330,Adam Mokoka\mokokad01,SG,22,CHI,9,0,5.2,0.7,1.7,0.4,0.1,0.9,0.125,0.6,0.8,0.714,0.433,0,0,,0.1,0.3,0.4,0.4,0.2,0.1,0.2,0.6,1.4
331,Malik Monk\monkma01,SG,22,CHO,32,0,21.7,4.6,10.1,0.46,2.2,5.2,0.424,2.4,4.9,0.497,0.568,1.7,2,0.815,0.4,2.3,2.7,1.9,0.5,0.1,1.5,1.2,13.1
332,E'Twaun Moore\mooreet01,SG,31,PHO,24,1,14.5,1.8,4.3,0.422,0.3,1.2,0.276,1.5,3,0.479,0.461,0.3,0.4,0.8,0.5,1.2,1.8,1.5,0.6,0.2,0.8,1.3,4.3
333,Ja Morant\moranja01,PG,21,MEM,41,41,31.5,6.7,15.1,0.445,0.9,3.5,0.255,5.8,11.6,0.503,0.475,4.4,5.9,0.751,0.9,2.6,3.5,7.4,0.9,0.2,3,1.5,18.8
334,Juwan Morgan\morgaju01,PF,23,UTA,19,0,4.4,0.4,0.9,0.412,0.2,0.6,0.273,0.2,0.3,0.667,0.5,0.1,0.3,0.2,0.3,0.5,0.8,0.2,0.2,0,0.1,0.7,0.9
335,Marcus Morris\morrima03,PF,31,LAC,41,13,25.5,4.5,9.9,0.45,2.4,5.2,0.463,2,4.7,0.435,0.571,1.1,1.3,0.855,0.6,3.3,4,1,0.5,0.2,0.9,2,12.5
336,Markieff Morris\morrima02,PF,31,LAL,46,22,19.8,2.6,6.1,0.429,1.2,3.5,0.344,1.4,2.6,0.542,0.527,0.7,0.9,0.732,0.8,3.8,4.6,1,0.3,0.3,0.8,1.8,7.1
337,Monte Morris\morrimo01,PG,25,DEN,39,11,26.7,4,8.4,0.474,1.1,3.1,0.35,2.9,5.4,0.545,0.538,1.3,1.6,0.766,0.2,1.9,2.2,3.4,0.7,0.3,0.7,1,10.3
338,Mychal Mulder\muldemy01,PG,26,GSW,41,2,10,1.2,3,0.407,1,2.6,0.383,0.2,0.4,0.563,0.573,0.2,0.4,0.588,0,0.8,0.9,0.4,0.2,0.2,0.2,0.7,3.7
339,Dejounte Murray\murrade01,PG,24,SAS,47,47,31.7,6.6,14.4,0.457,0.9,2.9,0.314,5.7,11.5,0.494,0.489,1.6,2,0.811,0.7,6.2,6.9,5.2,1.5,0.1,1.7,2.1,15.7
340,Jamal Murray\murraja01,PG,23,DEN,47,47,35.6,7.9,16.5,0.48,2.7,6.6,0.412,5.2,9.9,0.526,0.562,2.7,3.1,0.864,0.8,3.3,4,4.8,1.3,0.3,2.2,2,21.3
341,Mike Muscala\muscami01,C,29,OKC,35,0,18.4,3.4,7.6,0.446,1.9,5.3,0.37,1.5,2.4,0.614,0.573,0.9,1,0.917,0.5,3.2,3.8,0.8,0.2,0.3,0.6,1.5,9.7
342,Sviatoslav Mykhailiuk\mykhasv01,SF-SG,23,TOT,48,12,19.2,2.7,6.8,0.402,1.6,4.8,0.342,1.1,2,0.541,0.521,0.7,0.9,0.805,0.4,2,2.4,1.6,0.8,0.2,1.3,0.8,7.8
342,Sviatoslav Mykhailiuk\mykhasv01,SF,23,DET,36,5,17.6,2.3,6.2,0.377,1.6,4.8,0.333,0.8,1.4,0.519,0.504,0.7,0.8,0.8,0.3,1.8,2.1,1.6,0.8,0.2,1.1,0.9,6.9
342,Sviatoslav Mykhailiuk\mykhasv01,SG,23,OKC,12,7,23.9,3.9,8.6,0.456,1.8,4.8,0.368,2.2,3.8,0.565,0.558,0.8,0.9,0.818,0.5,2.8,3.3,1.7,1.1,0.2,1.8,0.6,10.3
343,Abdel Nader\naderab01,SF,27,PHO,24,0,14.8,2.4,4.8,0.491,0.8,1.8,0.419,1.6,3,0.534,0.569,1.2,1.5,0.757,0.3,2.3,2.6,0.8,0.4,0.4,0.8,1.4,6.7
344,Larry Nance Jr.\nancela02,PF,28,CLE,29,27,32.8,4,8.1,0.487,1.2,3.3,0.379,2.7,4.9,0.56,0.564,0.9,1.4,0.634,1.7,5.3,7.1,3.1,1.8,0.6,1.5,2.1,10.1
345,Aaron Nesmith\nesmiaa01,SF,21,BOS,29,0,13.7,1.2,3.2,0.366,0.7,2.3,0.318,0.4,0.9,0.481,0.478,0.4,0.6,0.688,0.5,1.8,2.2,0.3,0.3,0.2,0.5,1.5,3.4
346,Raul Neto\netora01,PG,28,WAS,44,7,20.7,3.1,7.1,0.439,0.9,2.7,0.35,2.2,4.5,0.492,0.505,0.9,1.1,0.809,0.4,1.9,2.3,2.2,1.1,0.1,0.8,1.6,8.1
347,Georges Niang\niangge01,PF,27,UTA,52,0,13.8,2,4.6,0.425,1.3,3.4,0.394,0.6,1.3,0.508,0.569,0.1,0.1,1,0.3,1.8,2.1,0.7,0.3,0.1,0.6,1.5,5.4
348,Zeke Nnaji\nnajize01,PF,20,DEN,33,1,10.1,1.3,2.5,0.524,0.6,1.5,0.417,0.7,1.1,0.667,0.643,0.4,0.5,0.8,0.4,1.3,1.7,0.2,0.1,0.1,0.2,0.7,3.6
349,Nerlens Noel\noelne01,C,26,NYK,46,23,22.8,2.1,3.5,0.602,0,0,0,2.1,3.5,0.61,0.602,0.6,1,0.636,2.2,3.9,6.1,0.6,1,2,1.2,2.7,4.8
350,Jaylen Nowell\nowelja01,SG,21,MIN,36,0,19.1,3.8,8.4,0.444,1.3,3.7,0.356,2.4,4.8,0.512,0.521,1.1,1.4,0.837,0.5,1.8,2.3,1.6,0.6,0.3,0.8,1.9,9.9
351,Frank Ntilikina\ntilila01,PG,22,NYK,18,4,14.1,1.3,3.6,0.359,0.9,2.1,0.459,0.3,1.5,0.222,0.492,0.4,0.8,0.5,0.2,1.1,1.3,0.8,0.8,0.1,0.6,1.8,3.9
352,Kendrick Nunn\nunnke01,PG,25,MIA,38,26,28.6,5.2,11.4,0.457,2,5.4,0.372,3.2,5.9,0.535,0.546,1,1.1,0.907,0.4,2.7,3.1,2.6,1,0.2,1.5,1.8,13.5
353,Jusuf Nurkić\nurkiju01,C,26,POR,18,18,22.2,3.8,7.8,0.486,0.4,1.1,0.35,3.4,6.7,0.508,0.511,1.5,2.5,0.6,1.9,5.5,7.4,2.9,0.9,0.8,2,2.9,9.4
354,David Nwaba\nwabada01,SF,28,HOU,30,9,22.6,3.5,7.3,0.486,0.6,2.1,0.27,3,5.2,0.574,0.525,1.6,2.3,0.691,1.3,2.6,3.9,1,1,0.7,0.6,2,9.2
355,Jordan Nwora\nworajo01,SF,22,MIL,19,1,8.2,1.4,3.5,0.403,0.7,1.6,0.467,0.7,1.9,0.351,0.507,0.7,0.9,0.765,0.2,1.5,1.6,0.2,0.5,0.2,0.8,0.6,4.3
356,Royce O'Neale\onealro01,SF,27,UTA,52,52,31.7,2.4,5.5,0.432,1.5,4,0.38,0.8,1.5,0.571,0.57,0.6,0.7,0.868,1.2,5.4,6.6,2.5,0.8,0.5,1.1,2.8,6.9
357,Semi Ojeleye\ojelese01,PF,26,BOS,42,9,18.8,1.7,4.3,0.408,1.2,3.1,0.395,0.5,1.2,0.44,0.55,0.6,0.8,0.75,0.6,2.2,2.8,0.8,0.3,0,0.4,1.1,5.3
358,Jahlil Okafor\okafoja01,C,25,DET,13,0,10.4,2.2,3.7,0.583,0.1,0.3,0.25,2.1,3.4,0.614,0.594,0.4,0.5,0.833,1,1.3,2.3,0.5,0.2,0.2,0.4,1,4.8
359,Chuma Okeke\okekech01,PF,22,ORL,35,9,24,2.6,6.1,0.427,1,2.8,0.367,1.6,3.3,0.478,0.512,0.6,0.8,0.778,0.9,3,4,2.1,0.9,0.4,0.8,1.1,6.8
360,Josh Okogie\okogijo01,SG,22,MIN,39,23,19.9,1.5,4.2,0.352,0.4,1.8,0.232,1.1,2.5,0.438,0.4,1.4,1.7,0.815,0.9,1.6,2.5,1.1,0.9,0.4,0.7,2.1,4.7
361,Onyeka Okongwu\okongon01,C,20,ATL,30,2,10.7,1.5,2.6,0.597,0,0,0,1.5,2.5,0.605,0.597,0.7,1.3,0.579,1,2,3,0.2,0.4,0.6,0.5,1.7,3.8
362,Isaac Okoro\okorois01,SG,20,CLE,46,46,32,3,7.2,0.426,0.9,2.8,0.313,2.2,4.3,0.5,0.488,1.2,1.8,0.687,0.8,1.9,2.8,1.7,1,0.4,1.5,2.8,8.2
363,KZ Okpala\okpalkz01,PF,21,MIA,25,9,12.9,1.1,2.6,0.409,0.4,1.5,0.297,0.6,1.2,0.552,0.492,0.1,0.2,0.333,0.6,1.4,2,0.4,0.2,0.3,0.5,1.8,2.7
364,Victor Oladipo\oladivi01,SG,28,TOT,33,33,32.7,7.1,17.5,0.408,2.4,7.2,0.326,4.8,10.2,0.466,0.476,3.2,4.2,0.754,0.4,4.5,4.8,4.6,1.4,0.4,2.5,2.5,19.8
364,Victor Oladipo\oladivi01,SG,28,IND,9,9,33.3,7.1,16.9,0.421,2.8,7.7,0.362,4.3,9.2,0.47,0.503,3,4.1,0.73,0.1,5.6,5.7,4.2,1.7,0.2,2,2.6,20
364,Victor Oladipo\oladivi01,SG,28,HOU,20,20,33.5,7.8,19.1,0.407,2.5,7.7,0.32,5.3,11.4,0.465,0.471,3.3,4.2,0.783,0.4,4.4,4.8,5,1.2,0.5,2.6,2.3,21.2
364,Victor Oladipo\oladivi01,G,28,MIA,4,4,27.8,4,10.8,0.372,1,4.3,0.235,3,6.5,0.462,0.419,3,4.5,0.667,0.8,2.8,3.5,3.5,1.8,0.5,3.5,3.3,12
365,Kelly Olynyk\olynyke01,C-PF,29,TOT,50,42,27.2,4.1,9,0.458,1.8,5.6,0.33,2.3,3.4,0.669,0.56,1,1.2,0.839,0.9,5.3,6.2,2.2,1,0.7,1.3,2.9,11.1
365,Kelly Olynyk\olynyke01,C,29,MIA,43,38,26.9,3.8,8.7,0.431,1.8,5.7,0.317,2,3.1,0.639,0.533,0.7,0.9,0.775,1,5,6.1,2.1,0.9,0.6,1.3,2.9,10
365,Kelly Olynyk\olynyke01,PF,29,HOU,7,4,28.9,6.1,10.3,0.597,2.1,5.1,0.417,4,5.1,0.778,0.701,3,3.1,0.955,0.4,6.6,7,3,1.1,1,1.7,3,17.4
366,Miye Oni\onimi01,SG,23,UTA,36,0,8.8,0.7,1.9,0.382,0.6,1.6,0.373,0.1,0.3,0.444,0.544,0.1,0.2,0.833,0.5,1.3,1.7,0.3,0.1,0.2,0.3,1.1,2.2
367,Cedi Osman\osmande01,SF,25,CLE,46,17,24.6,3.4,9.8,0.352,1.7,5.6,0.305,1.7,4.2,0.415,0.439,1.2,1.5,0.746,0.6,2.7,3.3,2.6,0.9,0.2,1,1.8,9.7
368,Daniel Oturu\oturuda01,C,21,LAC,19,0,4.1,0.6,1.2,0.522,0,0.1,0,0.6,1.2,0.545,0.522,0.1,0.2,0.5,0.4,0.7,1.1,0.3,0.1,0.2,0.3,0.6,1.4
369,Kelly Oubre Jr.\oubreke01,SF,25,GSW,49,49,30.7,5.7,13.2,0.436,1.6,5.1,0.311,4.1,8,0.515,0.496,2.1,3,0.692,1.5,4.6,6,1.4,1.1,0.8,1.2,2.3,15.1
370,Jabari Parker\parkeja01,PF,25,SAC,3,0,9,1.3,2.3,0.571,0,0.3,0,1.3,2,0.667,0.571,0,0,,0.3,1.7,2,0.3,0,0.3,1,1.3,2.7
371,Eric Paschall\pascher01,PF,24,GSW,39,2,17.3,3.7,7.5,0.491,0.4,1.4,0.321,3.3,6.2,0.529,0.52,1.6,2.3,0.719,0.7,2.5,3.2,1.3,0.3,0.2,1.1,1.7,9.5
372,Anžejs Pasečņiks\pasecan01,C,25,WAS,1,0,6,0,1,0,0,1,0,0,0,,0,0,0,,1,0,1,1,0,0,5,2,0
373,Patrick Patterson\pattepa01,PF,31,LAC,24,2,13.9,1.8,3.9,0.452,1,2.6,0.381,0.8,1.3,0.6,0.581,0.4,0.5,0.833,0.4,1.4,1.8,0.5,0.4,0.3,0.3,1.5,4.9
374,Justin Patton\pattoju01,C,23,HOU,13,6,19,2.2,5.4,0.414,0.7,2.6,0.265,1.5,2.8,0.556,0.479,0.2,0.3,0.75,1.1,2.7,3.8,1.1,0.9,1.1,0.3,2.6,5.4
375,Chris Paul\paulch01,PG,35,PHO,50,50,32,6.1,12.5,0.49,1.3,3.7,0.366,4.8,8.9,0.542,0.544,2.6,2.8,0.929,0.4,4.3,4.7,8.7,1.4,0.2,2.3,2.4,16.2
376,Cameron Payne\payneca01,PG,26,PHO,40,0,16.9,2.6,5.5,0.468,0.9,2.4,0.394,1.6,3.1,0.524,0.553,0.7,0.8,0.879,0.2,2.1,2.3,3.6,0.6,0.2,1.1,1.7,6.8
377,Elfrid Payton\paytoel01,PG,26,NYK,43,43,26.5,4.9,11.2,0.435,0.5,1.9,0.263,4.4,9.4,0.469,0.457,1.5,2.2,0.71,1.3,2.4,3.7,3.5,0.8,0.2,1.8,2,11.8
378,Norvel Pelle\pelleno01,C,27,TOT,5,0,7,0.6,1.6,0.375,0,0,,0.6,1.6,0.375,0.375,0.8,1.2,0.667,0.8,1.4,2.2,0.2,0,1,0.6,2,2
378,Norvel Pelle\pelleno01,C,27,BRK,3,0,9.3,1,2.3,0.429,0,0,,1,2.3,0.429,0.429,0,0,,1,1.3,2.3,0,0,1,1,3,2
378,Norvel Pelle\pelleno01,C,27,SAC,1,0,4,0,1,0,0,0,,0,1,0,0,3,4,0.75,1,0,1,1,0,0,0,1,3
378,Norvel Pelle\pelleno01,F-C,27,NYK,1,0,3,0,0,,0,0,,0,0,,,1,2,0.5,0,3,3,0,0,2,0,0,1
379,Reggie Perry\perryre01,PF,20,BRK,18,0,10.4,1.7,3.9,0.429,0.2,1.1,0.211,1.4,2.8,0.51,0.457,0.4,0.6,0.727,1.2,2.2,3.4,0.8,0.2,0.3,0.7,1.8,4
380,Theo Pinson\pinsoth01,SG,25,NYK,14,0,2.2,0.1,0.6,0.111,0,0.6,0,0.1,0.1,1,0.111,0,0,,0,0.1,0.1,0.1,0,0,0.1,0.3,0.1
381,Mason Plumlee\plumlma01,C,30,DET,48,48,27.3,4.1,6.8,0.606,0,0.1,0,4.1,6.7,0.619,0.606,2.1,3.1,0.662,2.6,6.6,9.2,3.5,0.8,0.9,1.9,3.4,10.3
382,Jakob Poeltl\poeltja01,C,25,SAS,49,31,25.6,3.6,5.8,0.622,0,0,,3.6,5.8,0.622,0.622,0.7,1.8,0.407,3.2,4.8,8,1.8,0.6,1.6,1.3,2.2,8
383,Vincent Poirier\poirivi01,C,27,PHI,10,0,3.9,0.3,1.2,0.25,0,0.1,0,0.3,1.1,0.273,0.25,0.2,0.6,0.333,0.6,0.8,1.4,0.2,0,0.3,0.4,0.8,0.8
384,Aleksej Pokusevski\pokusal01,PF,19,OKC,32,15,24,2.9,8.7,0.336,1.3,4.6,0.291,1.6,4,0.388,0.413,0.7,0.8,0.846,0.7,4.1,4.8,2,0.4,1,1.9,1.2,7.8
385,Jordan Poole\poolejo01,SG,21,GSW,30,6,17.4,3.7,8.4,0.442,1.7,4.7,0.359,2,3.6,0.55,0.544,1.6,1.8,0.907,0.2,1.4,1.5,1.8,0.4,0.1,0.8,1.5,10.7
386,Jontay Porter\portejo01,PF,21,MEM,5,0,3.8,0.4,1.4,0.286,0.2,1,0.2,0.2,0.4,0.5,0.357,0,0,,0.4,1.4,1.8,0.2,0.4,0,1,1.2,1
387,Kevin Porter Jr.\porteke02,SG,20,HOU,14,11,30.4,6,13.6,0.44,1.4,5.5,0.247,4.6,8.1,0.57,0.49,2.1,3.1,0.682,0.5,3.1,3.6,5.9,0.9,0.5,3.5,2.1,15.5
388,Michael Porter Jr.\portemi01,SF,22,DEN,41,34,30,6.5,12,0.541,2.4,5.4,0.452,4,6.6,0.613,0.642,1.5,2,0.759,1.8,5.8,7.6,1,0.6,0.9,1.1,2.1,17
389,Otto Porter\porteot01,SF-PF,27,TOT,28,6,21.6,3.5,8.1,0.432,1.4,3.7,0.375,2.1,4.4,0.48,0.518,1.3,1.5,0.857,1,4.4,5.4,2,0.6,0.1,0.9,1.5,9.7
389,Otto Porter\porteot01,SF,27,CHI,25,6,21.6,3.6,8.1,0.441,1.5,3.8,0.4,2,4.3,0.477,0.535,1.2,1.5,0.838,1.1,4.4,5.5,2,0.5,0.2,1,1.5,9.9
389,Otto Porter\porteot01,PF,27,ORL,3,0,22,3,8.3,0.36,0.3,3,0.111,2.7,5.3,0.5,0.38,1.7,1.7,1,0,4.7,4.7,1.7,1.3,0,0,1.3,8
390,Bobby Portis\portibo01,C,25,MIL,47,4,21.3,4.7,8.9,0.535,1.1,2.4,0.468,3.6,6.5,0.559,0.597,0.7,1,0.739,1.7,5.4,7.1,1.1,0.8,0.4,0.7,1.7,11.3
391,Kristaps Porziņģis\porzikr01,C,25,DAL,33,33,30.8,7.8,16.3,0.477,2.3,6.2,0.369,5.5,10,0.544,0.547,2.6,3.2,0.827,2,7.2,9.2,1.5,0.4,1.6,1.3,2.6,20.4
392,Dwight Powell\poweldw01,C,29,DAL,37,8,14.6,1.5,2.9,0.495,0.1,0.5,0.263,1.3,2.4,0.544,0.518,1.6,2,0.784,1.2,2.2,3.4,0.8,0.5,0.4,0.5,2.3,4.6
393,Norman Powell\powelno01,SG-SF,27,TOT,49,38,30.6,6.5,13.3,0.492,2.7,6.2,0.435,3.8,7,0.542,0.594,3.5,4.1,0.851,0.6,2.5,3.1,1.7,1.2,0.2,1.8,2.3,19.3
393,Norman Powell\powelno01,SG,27,TOR,42,31,30.4,6.7,13.5,0.498,2.8,6.4,0.439,3.9,7.1,0.552,0.602,3.4,3.9,0.865,0.5,2.5,3,1.8,1.1,0.2,1.8,2.3,19.6
393,Norman Powell\powelno01,SF,27,POR,7,7,32,5.4,12.1,0.447,2.1,5.3,0.405,3.3,6.9,0.479,0.535,4.3,5.4,0.789,1.3,2.1,3.4,1.1,1.9,0.4,1.4,2.4,17.3
394,Taurean Prince\princta02,PF,26,TOT,34,10,21.9,3,7.7,0.388,1.4,3.6,0.387,1.6,4.1,0.388,0.479,1.6,1.9,0.848,0.5,3.1,3.6,1.9,0.6,0.6,1,1.9,9.1
394,Taurean Prince\princta02,PF,26,BRK,12,4,18.2,2.5,6.2,0.405,1.1,3.1,0.351,1.4,3.1,0.459,0.493,2,2.3,0.889,0.2,2.7,2.8,0.6,0.7,0.7,0.9,1.8,8.1
394,Taurean Prince\princta02,PF,26,CLE,22,6,24,3.3,8.6,0.381,1.6,4,0.402,1.7,4.6,0.363,0.474,1.5,1.8,0.821,0.7,3.4,4,2.6,0.6,0.6,1,1.9,9.6
395,Payton Pritchard\pritcpa01,SG,23,BOS,46,1,19.2,2.6,5.8,0.449,1.3,3.3,0.407,1.3,2.5,0.504,0.564,0.5,0.5,0.875,0.5,1.7,2.2,1.9,0.6,0.2,0.9,1.8,7
396,Immanuel Quickley\quickim01,PG,21,NYK,47,3,19.6,3.7,9.7,0.385,1.8,4.9,0.371,1.9,4.8,0.4,0.479,2.7,3,0.894,0.4,1.9,2.3,2.2,0.5,0.2,0.9,1.9,12
397,Jahmi'us Ramsey\ramseja01,SG,19,SAC,5,0,3.4,0.6,1,0.6,0.2,0.6,0.333,0.4,0.4,1,0.7,0,0,,0,0.8,0.8,0.2,0,0.2,0.2,0,1.4
398,Chasson Randle\randlch01,PG,27,ORL,22,5,21.2,1.9,5,0.385,1.1,2.9,0.375,0.8,2,0.4,0.495,0.7,0.8,0.833,0.1,1.8,2,2.1,0.5,0.1,1.1,1.8,5.6
399,Julius Randle\randlju01,PF,26,NYK,51,51,37,8.2,17.8,0.462,2,5,0.407,6.2,12.8,0.484,0.519,4.5,5.6,0.794,1.3,9.4,10.7,6,0.9,0.3,3.4,3.1,22.9
400,Cam Reddish\reddica01,SF,21,ATL,26,21,28.8,3.7,10.1,0.365,1.3,4.8,0.262,2.4,5.3,0.46,0.428,2.6,3.2,0.817,0.8,3.2,4,1.3,1.3,0.3,1.3,2.6,11.2
401,J.J. Redick\redicjj01,SG,36,NOP,31,0,18.6,2.8,6.9,0.407,1.6,4.5,0.364,1.2,2.4,0.486,0.526,1.5,1.5,0.957,0.1,1.6,1.7,1.3,0.3,0.1,0.8,1.2,8.7
402,Paul Reed\reedpa01,PF,21,PHI,13,0,7.8,1.5,3.2,0.476,0,0.5,0,1.5,2.8,0.556,0.476,0,0.2,0,0.9,1.2,2.1,0.4,0.4,0.5,0.5,1.2,3.1
403,Naz Reid\reidna01,C,21,MIN,50,13,19.1,4.2,8,0.522,0.8,2.3,0.359,3.4,5.7,0.589,0.575,1.8,2.5,0.724,1.1,3.4,4.5,1.1,0.6,1.1,1,2.6,11
404,Cameron Reynolds\reynoca01,SF,25,SAS,3,0,2,0.3,0.7,0.5,0,0,,0.3,0.7,0.5,0.5,0,0,,0,0,0,0,0,0,0,0,0.7
405,Nick Richards\richani01,PF,23,CHO,13,0,3.9,0.3,0.5,0.571,0,0,,0.3,0.5,0.571,0.571,0.5,0.8,0.636,0.2,0.5,0.7,0.1,0,0,0.2,0.4,1.2
406,Josh Richardson\richajo01,SG,27,DAL,41,41,32,4.5,10.5,0.428,1.6,4.9,0.318,2.9,5.6,0.524,0.502,1.9,2.1,0.918,0.8,2.8,3.6,2.8,0.9,0.4,1.5,2.5,12.4
407,Grant Riller\rillegr01,PG,23,CHO,1,0,5,0,2,0,0,1,0,0,1,0,0,0,0,,0,0,0,0,0,0,0,0,0
408,Austin Rivers\riverau01,SG,28,NYK,21,2,21,2.8,6.4,0.43,1.3,3.7,0.364,1.4,2.8,0.517,0.533,0.5,0.7,0.714,0.2,2,2.2,2,0.6,0,1,1.5,7.3
409,Andre Roberson\roberan03,SG,29,BRK,5,0,12.6,0.4,2.8,0.143,0.2,1.6,0.125,0.2,1.2,0.167,0.179,0.2,0.4,0.5,1.4,1.6,3,0.8,0.6,0.2,0.4,0.8,1.2
410,Duncan Robinson\robindu01,SF,26,MIA,52,52,32.5,4.3,9.9,0.441,3.5,8.5,0.408,0.9,1.4,0.639,0.616,0.9,1.1,0.845,0.1,3.7,3.8,1.8,0.5,0.3,1.2,2.5,13.1
411,Glenn Robinson III\robingl02,SF,27,SAC,23,2,16,1.8,4.3,0.424,0.7,1.9,0.364,1.1,2.4,0.473,0.505,0.9,1,0.913,0.5,1.5,2,0.9,0.2,0.1,0.5,1,5.3
412,Jerome Robinson\robinje01,SG,23,WAS,17,6,17.9,1.6,5.6,0.295,0.6,2.5,0.262,1,3.1,0.321,0.353,0.9,1.2,0.8,0.2,2,2.2,1.5,0.7,0.4,1.1,1.8,4.9
413,Justin Robinson\robinju01,G,23,OKC,3,0,18,1.7,5,0.333,1,3.7,0.273,0.7,1.3,0.5,0.433,0.7,1,0.667,0,1.3,1.3,2,0.3,0,0.3,2,5
414,Mitchell Robinson\robinmi01,C,22,NYK,31,29,27.5,3.7,5.7,0.653,0,0,,3.7,5.7,0.653,0.653,0.8,1.7,0.491,3.6,4.5,8.1,0.5,1.1,1.5,0.8,2.8,8.3
415,Isaiah Roby\robyis01,PF,22,OKC,43,23,23.4,3.4,6.8,0.502,0.5,1.6,0.314,2.9,5.2,0.561,0.539,1.5,2.2,0.71,1.6,4.1,5.7,1.8,0.8,0.7,1.8,2.6,8.9
416,Rajon Rondo\rondora01,PG,34,TOT,30,2,15,1.7,4.2,0.408,0.7,1.7,0.392,1,2.5,0.419,0.488,0.1,0.1,0.75,0.3,1.8,2,3.6,0.7,0.1,1.5,1.1,4.2
416,Rajon Rondo\rondora01,PG,34,ATL,27,2,14.9,1.6,4.1,0.4,0.6,1.7,0.378,1,2.4,0.415,0.477,0,0.1,0.5,0.1,1.9,2,3.5,0.7,0.1,1.4,0.9,3.9
416,Rajon Rondo\rondora01,G,34,LAC,3,0,15.7,2.3,5,0.467,1,2,0.5,1.3,3,0.444,0.567,0.7,0.7,1,1.3,0.7,2,4.3,1,0.3,2,2.7,6.3
417,Derrick Rose\rosede01,PG,32,TOT,31,3,23.9,4.9,11.6,0.421,1,2.6,0.37,3.9,9,0.436,0.463,2.2,2.7,0.831,0.3,1.8,2.1,4.1,1.1,0.4,1.6,1,13
417,Derrick Rose\rosede01,PG,32,DET,15,0,22.8,5.3,12.3,0.429,0.9,2.6,0.333,4.4,9.7,0.455,0.465,2.8,3.3,0.84,0.4,1.5,1.9,4.2,1.2,0.3,1.9,1.1,14.2
417,Derrick Rose\rosede01,PG,32,NYK,16,3,25,4.6,11.1,0.412,1.1,2.6,0.405,3.5,8.4,0.415,0.46,1.7,2.1,0.818,0.3,2.1,2.3,4,1,0.5,1.3,0.9,11.9
418,Terrence Ross\rosste01,SG,29,ORL,41,2,29.6,5.7,14,0.408,2.1,6.1,0.344,3.6,7.9,0.458,0.483,2.7,3,0.887,0.3,3.1,3.5,2.4,1.1,0.5,1.7,2,16.2
419,Terry Rozier\roziete01,SG,26,CHO,48,48,33.5,7.2,15.6,0.464,3.3,8.1,0.405,3.9,7.5,0.528,0.57,2.6,3.1,0.837,0.5,3.5,4.1,3.5,1.3,0.4,1.9,1.8,20.3
420,Ricky Rubio\rubiori01,PG,30,MIN,48,33,26.5,2.7,7.1,0.382,0.8,2.8,0.286,1.9,4.4,0.443,0.437,2.2,2.6,0.854,0.4,2.8,3.2,6.8,1.4,0.1,1.9,2.2,8.4
421,D'Angelo Russell\russeda01,PG,24,MIN,22,19,28.7,6.9,16.4,0.419,3,7.4,0.401,3.9,9,0.434,0.51,2.7,3.5,0.769,0.5,2.1,2.6,5,1,0.5,2.6,2,19.4
422,Domantas Sabonis\sabondo01,PF,24,IND,47,47,35.9,7.5,14.3,0.526,0.8,2.5,0.305,6.7,11.8,0.573,0.553,4.1,5.8,0.72,2.6,8.8,11.3,6,1.2,0.6,3.4,3.4,19.9
423,Luka Šamanić\samanlu01,PF,21,SAS,21,2,9.4,1.4,3,0.453,0.4,1.5,0.25,1,1.5,0.656,0.516,0.5,1,0.55,0.6,1.8,2.3,0.5,0.2,0.2,0.6,1.1,3.7
424,JaKarr Sampson\sampsja02,PF,27,IND,20,0,7.7,1.3,2.8,0.473,0.1,0.4,0.25,1.2,2.4,0.511,0.491,0.7,1,0.7,0.7,1.4,2.1,0.1,0.1,0.4,0.4,1.1,3.4
425,Dario Šarić\saricda01,C,26,PHO,33,0,18,3.5,7.5,0.458,1.1,3,0.35,2.4,4.5,0.53,0.528,1.7,2,0.864,1,3.1,4.2,1.3,0.5,0.1,1.2,2,9.7
426,Tomáš Satoranský\satorto01,SG,29,CHI,39,14,23.6,3.1,5.8,0.526,0.9,2.1,0.42,2.2,3.8,0.585,0.601,1.2,1.3,0.922,0.6,2.1,2.7,5,0.8,0.2,1.7,1.5,8.2
427,Dennis Schröder\schrode01,SG,27,LAL,48,48,31.9,5.1,12.1,0.426,1,3.2,0.327,4.1,8.9,0.461,0.469,3.8,4.5,0.842,0.5,3,3.5,5.4,1.2,0.2,2.9,2.7,15.1
428,Mike Scott\scottmi01,PF,32,PHI,32,8,17.6,1.4,4,0.346,1,3.1,0.333,0.3,0.9,0.393,0.476,0.2,0.3,0.6,0.3,2.5,2.8,0.7,0.6,0.2,0.5,1.4,4
429,Collin Sexton\sextoco01,SG,22,CLE,44,44,35.8,8.8,18.3,0.48,1.6,4.4,0.358,7.2,14,0.518,0.522,4.8,5.9,0.819,0.8,2.1,2.9,4.2,1.2,0.1,2.7,2.7,24
430,Landry Shamet\shamela01,SG,23,BRK,41,1,20.2,2.7,6.7,0.399,1.9,5,0.389,0.7,1.7,0.429,0.544,0.9,1.1,0.844,0.2,1.6,1.8,1.1,0.5,0.1,0.7,1.3,8.2
431,Iman Shumpert\shumpim01,SG,30,BRK,2,0,5.5,0.5,2,0.25,0,1.5,0,0.5,0.5,1,0.25,0,0,,0.5,0,0.5,0,0.5,0,0.5,0,1
432,Pascal Siakam\siakapa01,PF,26,TOR,43,43,35.4,7.4,16.3,0.454,1.2,4.3,0.288,6.2,12.1,0.513,0.491,4.7,5.6,0.837,1.8,5.5,7.3,4.5,1.1,0.7,2,3.2,20.7
433,Chris Silva\silvach01,PF,24,TOT,13,0,6.7,0.8,1.2,0.667,0.1,0.1,1,0.7,1.1,0.643,0.7,0.8,1.2,0.733,0.5,1.5,2,0.5,0.1,0.4,0.8,1.6,2.5
433,Chris Silva\silvach01,PF,24,MIA,11,0,7.5,0.8,1.2,0.692,0.1,0.1,1,0.7,1.1,0.667,0.731,1,1.4,0.733,0.6,1.6,2.3,0.5,0.1,0.5,0.8,1.8,2.7
433,Chris Silva\silvach01,PF,24,SAC,2,0,2,0.5,1,0.5,0,0,,0.5,1,0.5,0.5,0,0,,0,0.5,0.5,0,0,0,0.5,0.5,1
434,Ben Simmons\simmobe01,PG,24,PHI,43,43,33.5,5.8,10.7,0.546,0.1,0.2,0.333,5.8,10.5,0.55,0.549,3.4,5.4,0.634,1.7,6.1,7.8,7.2,1.5,0.6,3.4,3.1,15.2
435,Anfernee Simons\simonan01,SG,21,POR,44,0,16.5,2.7,6.6,0.403,1.9,4.7,0.415,0.7,1.9,0.376,0.55,0.7,0.9,0.816,0.2,2.1,2.3,1.4,0.2,0.1,0.8,1.6,8
436,Deividas Sirvydis\sirvyde01,SG,20,DET,12,0,2.2,0.3,1,0.333,0.3,0.8,0.4,0,0.2,0,0.5,0.3,0.3,0.75,0,0.6,0.6,0.1,0.1,0,0.1,0.1,1.3
437,Alen Smailagić\smailal01,PF,20,GSW,5,1,5.2,0.8,2,0.4,0.4,1,0.4,0.4,1,0.4,0.5,0.2,0.8,0.25,0.4,0.2,0.6,0,0,0.2,0,1,2.2
438,Marcus Smart\smartma01,PG,26,BOS,33,30,32.1,4.2,10.4,0.404,1.9,5.6,0.342,2.3,4.8,0.475,0.496,2.8,3.5,0.791,0.5,2.4,3,5.5,1.5,0.5,1.8,2.5,13
439,Dennis Smith Jr.\smithde03,PG,23,TOT,22,8,18.2,2.6,6.4,0.407,0.9,2.5,0.345,1.7,3.9,0.447,0.475,0.8,1.1,0.708,0.5,2,2.5,3.4,1,0.6,1.1,1.6,6.8
439,Dennis Smith Jr.\smithde03,PG,23,NYK,3,0,9.3,0.7,3.3,0.2,0,1.3,0,0.7,2,0.333,0.2,1.7,2,0.833,0,0.7,0.7,1,1,0,0.3,1.3,3
439,Dennis Smith Jr.\smithde03,PG,23,DET,19,8,19.6,2.9,6.8,0.423,1,2.7,0.373,1.9,4.2,0.456,0.496,0.6,0.9,0.667,0.6,2.2,2.8,3.7,0.9,0.7,1.3,1.7,7.4
440,Ish Smith\smithis01,PG,32,WAS,22,1,20.4,2.4,6.3,0.381,0.3,1,0.273,2.1,5.3,0.402,0.403,0.4,0.8,0.471,0.5,2.9,3.4,4.6,0.7,0.2,1,1,5.5
441,Jalen Smith\smithja04,PF,20,PHO,17,0,4.4,0.6,1.5,0.385,0.1,0.6,0.2,0.5,0.9,0.5,0.423,0.1,0.2,0.333,0.3,0.6,0.9,0.1,0,0.1,0.2,0.5,1.4
442,Tony Snell\snellto01,SG,29,ATL,39,18,21.1,1.9,3.7,0.521,1.4,2.5,0.577,0.5,1.3,0.408,0.712,0.3,0.3,1,0.3,2,2.3,1.3,0.2,0.3,0.5,1.6,5.6
443,Ray Spalding\spaldra01,C,23,HOU,2,0,9.5,1,2,0.5,0,0.5,0,1,1.5,0.667,0.5,0,1,0,1,1,2,0,0,1,1.5,1.5,2
444,Cassius Stanley\stanlca01,SG,21,IND,14,0,2.7,0.3,1.3,0.222,0.1,0.4,0.167,0.2,0.9,0.25,0.25,0.3,0.4,0.8,0.3,0.4,0.7,0,0,0.1,0.1,0.6,0.9
445,Lamar Stevens\stevela01,PF,23,CLE,35,0,13.1,1.7,3.7,0.45,0.1,0.7,0.16,1.6,3,0.519,0.466,1,1.4,0.729,0.7,2,2.6,0.7,0.5,0.3,0.5,1.3,4.5
446,Isaiah Stewart\stewais01,C,19,DET,50,4,19.7,2.9,5,0.571,0.2,0.5,0.417,2.7,4.6,0.588,0.591,0.7,1.1,0.679,2.2,3.8,6,0.9,0.5,1,0.9,2.5,6.7
447,Max Strus\strusma01,SF,24,MIA,26,0,12.8,2.2,4.7,0.467,1.3,3.8,0.357,0.8,0.9,0.917,0.611,0.4,0.6,0.688,0.1,0.8,1,0.5,0.2,0,0.2,1.1,6.2
448,Edmond Sumner\sumneed01,SG,25,IND,37,9,13.6,2.3,4.5,0.515,0.6,1.5,0.375,1.7,2.9,0.587,0.579,1,1.3,0.792,0.4,1.3,1.7,0.7,0.5,0.1,0.9,1.4,6.2
449,Jae'Sean Tate\tateja01,SF,25,HOU,51,39,28.7,4.3,8.2,0.521,0.8,2.6,0.328,3.5,5.7,0.609,0.573,1.4,1.9,0.737,1.9,3.5,5.4,2,1.1,0.6,1.2,3.1,10.8
450,Jayson Tatum\tatumja01,SF,22,BOS,46,46,35.6,9.2,20.4,0.453,2.8,7.5,0.376,6.4,12.8,0.497,0.522,3.8,4.4,0.867,0.7,6.3,7,4.3,1.3,0.4,2.5,1.8,25.1
451,Jeff Teague\teaguje01,PG,32,TOT,38,5,17.8,2.3,5.4,0.422,0.7,1.6,0.459,1.5,3.8,0.406,0.49,1.5,1.8,0.853,0.3,1.3,1.6,2.3,0.7,0.2,1.1,1.3,6.8
451,Jeff Teague\teaguje01,PG,32,BOS,34,5,18.1,2.3,5.5,0.415,0.8,1.6,0.464,1.5,3.9,0.394,0.484,1.5,1.8,0.836,0.3,1.4,1.7,2.1,0.8,0.2,1.1,1.3,6.9
451,Jeff Teague\teaguje01,G,32,MIL,4,0,15.5,2,4,0.5,0.5,1.3,0.4,1.5,2.8,0.545,0.563,1.8,1.8,1,0,1,1,3.3,0,0.5,0.8,1.3,6.3
452,Garrett Temple\templga01,SG,34,CHI,37,12,27.1,3,7.1,0.424,1.2,3.7,0.336,1.8,3.4,0.52,0.511,0.8,1,0.816,0.6,2.5,3.1,2,0.9,0.5,1,2.3,8.1
453,Tyrell Terry\terryty01,PG,20,DAL,11,0,5.1,0.5,1.5,0.313,0,0.6,0,0.5,0.8,0.556,0.313,0.1,0.3,0.333,0,0.5,0.5,0.5,0.5,0,0.2,0.2,1
454,Daniel Theis\theisda01,C,28,TOT,47,37,24.3,3.7,6.8,0.55,0.7,2.2,0.337,3,4.6,0.654,0.605,1.1,1.6,0.662,1.3,3.9,5.2,1.7,0.6,1,1,2.7,9.3
454,Daniel Theis\theisda01,C,28,BOS,42,37,24.5,3.8,6.9,0.552,0.8,2.3,0.347,3,4.6,0.653,0.609,1.1,1.6,0.687,1.3,4,5.2,1.6,0.6,1,1,2.9,9.5
454,Daniel Theis\theisda01,C,28,CHI,5,0,22.6,3.2,6,0.533,0.4,1.8,0.222,2.8,4.2,0.667,0.567,1,2,0.5,1.2,3.8,5,2.2,0.2,1,1.2,1.2,7.8
455,Brodric Thomas\thomabr01,SG,24,TOT,15,1,10.2,0.9,3.1,0.304,0.3,1.7,0.2,0.6,1.4,0.429,0.359,1.1,1.4,0.81,0.2,1,1.2,0.8,0.5,0.3,0.7,1.2,3.3
455,Brodric Thomas\thomabr01,SG,24,HOU,4,0,6,0.5,1.8,0.286,0.3,1.5,0.167,0.3,0.3,1,0.357,1.3,1.8,0.714,0.3,0.8,1,1,0.3,0.3,1,1.3,2.5
455,Brodric Thomas\thomabr01,SG,24,CLE,11,1,11.7,1.1,3.5,0.308,0.4,1.7,0.211,0.7,1.8,0.4,0.359,1.1,1.3,0.857,0.2,1.1,1.3,0.7,0.5,0.4,0.5,1.2,3.6
456,Isaiah Thomas\thomais02,G,31,NOP,2,0,22,4,12.5,0.32,1.5,6,0.25,2.5,6.5,0.385,0.38,1,1,1,0,1,1,2.5,0.5,0,2.5,1,10.5
457,Matt Thomas\thomama02,SG,26,TOT,30,0,7.5,1,2.6,0.377,0.6,1.7,0.365,0.3,0.8,0.4,0.5,0.2,0.2,0.857,0.1,0.8,0.9,0.5,0.1,0,0.3,0.4,2.8
457,Matt Thomas\thomama02,SG,26,TOR,26,0,7.4,0.9,2.4,0.387,0.7,1.6,0.415,0.3,0.8,0.333,0.524,0.2,0.3,0.857,0.1,0.7,0.8,0.3,0.1,0,0.2,0.4,2.7
457,Matt Thomas\thomama02,SG,26,UTA,4,0,8,1.3,3.8,0.333,0.5,2.8,0.182,0.8,1,0.75,0.4,0,0,,0.3,1.3,1.5,1.3,0.3,0,1,0.8,3
458,Tristan Thompson\thomptr01,PF,29,BOS,37,31,22.5,3.3,6.2,0.531,0,0.1,0,3.3,6.1,0.538,0.531,1.4,2.3,0.6,3.1,5.2,8.4,1,0.4,0.4,1,2.1,7.9
459,Sindarius Thornwell\thornsi01,SG,26,NOP,14,1,5.2,0.5,1.5,0.333,0.2,0.6,0.333,0.3,0.9,0.333,0.405,0,0.1,0,0.1,0.3,0.4,0.3,0.4,0.1,0.3,0.2,1.2
460,Matisse Thybulle\thybuma01,SG,23,PHI,48,5,19.2,1.4,3.5,0.402,0.7,2.2,0.308,0.8,1.4,0.554,0.497,0.2,0.3,0.571,0.5,1.4,1.8,1,1.5,1,0.4,2,3.7
461,Killian Tillie\tilliki02,C,22,MEM,10,0,8.6,0.8,3,0.267,0.3,1.7,0.176,0.5,1.3,0.385,0.317,0.4,0.5,0.8,0.5,0.7,1.2,0.2,0.3,0.5,0.1,1,2.3
462,Xavier Tillman Sr.\tillmxa01,PF,22,MEM,39,7,18.7,2.7,5.1,0.528,0.3,1.1,0.279,2.4,3.9,0.597,0.558,0.6,0.9,0.714,1.2,3,4.2,1.3,0.8,0.6,0.7,2.2,6.3
463,Obi Toppin\toppiob01,PF,22,NYK,42,0,11.7,1.7,3.6,0.48,0.4,1.5,0.295,1.3,2.2,0.604,0.539,0.3,0.4,0.722,0.4,1.7,2.1,0.5,0.3,0.3,0.5,1,4.2
464,Juan Toscano-Anderson\toscaju01,SG,27,GSW,35,15,17.4,1.8,3.3,0.557,0.6,1.4,0.438,1.2,1.9,0.642,0.648,0.4,0.5,0.722,0.5,3.2,3.7,2.1,0.6,0.4,1,2,4.6
465,Axel Toupane\toupaax01,SF,28,MIL,7,1,6.1,0.3,1,0.286,0,0.1,0,0.3,0.9,0.333,0.286,0.1,0.3,0.5,0,0.6,0.6,0.3,0,0.4,0,0.4,0.7
466,Karl-Anthony Towns\townska01,C,25,MIN,32,32,34.4,8.8,17.7,0.494,2.3,6.1,0.387,6.4,11.7,0.55,0.56,4.9,5.7,0.873,2.8,8.3,11.1,4.4,0.8,1.5,3.1,3.5,24.8
467,Gary Trent Jr.\trentga02,SG,22,TOT,49,31,31.2,5.3,13.1,0.409,2.9,7.4,0.391,2.5,5.7,0.434,0.52,1.3,1.7,0.774,0.4,1.9,2.3,1.4,0.9,0.2,0.8,1.6,14.9
467,Gary Trent Jr.\trentga02,SG,22,POR,41,23,30.8,5.3,12.8,0.414,3,7.4,0.397,2.3,5.3,0.438,0.53,1.4,1.8,0.773,0.5,1.7,2.2,1.4,0.9,0.1,0.8,1.5,15
467,Gary Trent Jr.\trentga02,SG,22,TOR,8,8,33.4,5.6,14.5,0.388,2.5,7,0.357,3.1,7.5,0.417,0.474,0.9,1.1,0.778,0.1,2.9,3,1.4,0.9,0.3,0.8,1.9,14.6
468,P.J. Tucker\tuckepj01,PF,35,TOT,35,32,28.7,1.4,3.9,0.363,0.8,2.6,0.311,0.6,1.3,0.467,0.467,0.5,0.7,0.783,1,3.4,4.4,1.3,0.8,0.6,0.9,2.7,4.1
468,P.J. Tucker\tuckepj01,PF,35,HOU,32,32,30,1.5,4.1,0.366,0.8,2.7,0.314,0.7,1.4,0.467,0.469,0.6,0.7,0.783,1,3.6,4.6,1.4,0.9,0.6,1,2.8,4.4
468,P.J. Tucker\tuckepj01,PF,35,MIL,3,0,14.7,0.3,1.3,0.25,0.3,1.3,0.25,0,0,,0.375,0,0,,1,1,2,0.3,0,0.7,0,0.7,1
469,Rayjon Tucker\tuckera01,PG,23,PHI,5,0,4.6,0.2,0.8,0.25,0.2,0.4,0.5,0,0.4,0,0.375,1.6,1.6,1,0.2,0.6,0.8,0.2,0,0,0,0.6,2.2
470,Myles Turner\turnemy01,C,24,IND,46,46,30.9,4.4,9.2,0.482,1.5,4.4,0.338,3,4.8,0.613,0.563,2.3,3,0.787,1.3,5.1,6.4,1,0.9,3.5,1.4,3.5,12.7
471,Jonas Valančiūnas\valanjo01,C,28,MEM,44,43,27.5,6.7,11.9,0.563,0.3,1,0.333,6.4,11,0.583,0.576,2.6,3.4,0.77,4.1,8.3,12.4,1.8,0.6,0.6,1.8,3,16.3
472,Denzel Valentine\valende01,SG,27,CHI,44,3,18,2.8,7.3,0.38,1.4,4.2,0.333,1.4,3.1,0.444,0.477,0.3,0.3,1,0.5,3.3,3.8,1.7,0.6,0,0.6,1.1,7.2
473,Jarred Vanderbilt\vandeja01,PF,21,MIN,46,25,17.2,2.1,3.5,0.601,0,0.1,0.25,2.1,3.5,0.61,0.604,0.9,1.6,0.581,1.5,3.7,5.2,1.3,0.9,0.7,1,1.9,5.2
474,Fred VanVleet\vanvlfr01,SG,26,TOR,44,44,36.4,6.5,16.5,0.393,3.3,9,0.371,3.1,7.5,0.419,0.494,3.5,4,0.885,0.6,3.6,4.2,6.1,1.7,0.8,2,2.4,19.8
475,Devin Vassell\vassede01,SF,20,SAS,42,1,17,1.8,4.5,0.402,0.9,2.3,0.4,0.9,2.2,0.404,0.503,0.6,0.7,0.871,0.4,2.5,2.9,0.9,0.9,0.3,0.4,1.4,5.2
476,Gabe Vincent\vincega01,PG,24,MIA,36,6,14.1,1.9,5.2,0.371,0.9,3.3,0.28,1,1.9,0.529,0.46,0.6,0.6,0.87,0.2,0.9,1.1,1.5,0.5,0.1,0.8,1.6,5.3
477,Noah Vonleh\vonleno01,PF,25,BRK,4,0,2.8,0,0.8,0,0,0.5,0,0,0.3,0,0,0,0,,0,0.3,0.3,0.3,0,0,0.5,0.5,0
478,Nikola Vučević\vucevni01,C,30,TOT,51,51,33.7,9.8,20.3,0.484,2.5,6.3,0.404,7.3,14,0.52,0.546,2.1,2.5,0.837,2,9.5,11.5,3.8,0.9,0.7,1.8,1.9,24.3
478,Nikola Vučević\vucevni01,C,30,ORL,44,44,34.1,9.9,20.6,0.48,2.7,6.5,0.406,7.3,14.1,0.515,0.545,2.1,2.5,0.827,2,9.8,11.8,3.8,1,0.6,1.9,1.8,24.5
478,Nikola Vučević\vucevni01,C,30,CHI,7,7,31.6,9.1,18,0.508,1.9,4.9,0.382,7.3,13.1,0.554,0.56,2.4,2.7,0.895,2.1,8.1,10.3,3.9,0.7,0.9,1.3,2.6,22.6
479,Dean Wade\wadede01,PF,24,CLE,43,10,16.1,1.8,4.3,0.421,1,2.8,0.347,0.8,1.4,0.565,0.536,0.4,0.5,0.762,0.5,2.4,2.9,1.1,0.4,0.4,0.3,1.1,4.9
480,Moritz Wagner\wagnemo01,C,23,TOT,32,14,13.4,2.1,4.2,0.489,0.5,1.5,0.313,1.6,2.7,0.586,0.544,1.3,1.7,0.778,0.5,2.3,2.8,1.2,0.7,0.3,0.8,2.2,5.9
480,Moritz Wagner\wagnemo01,C,23,WAS,25,13,15,2.5,4.9,0.508,0.5,1.7,0.31,2,3.2,0.613,0.561,1.6,2.1,0.788,0.5,2.4,2.9,1.3,0.9,0.3,0.8,2.5,7.1
480,Moritz Wagner\wagnemo01,C,23,BOS,7,1,7.7,0.6,1.9,0.308,0.3,0.9,0.333,0.3,1,0.286,0.385,0.1,0.3,0.5,0.4,2,2.4,0.7,0,0,0.9,1.1,1.6
481,Kemba Walker\walkeke02,PG,30,BOS,32,32,30.9,6.1,15.3,0.398,2.8,7.9,0.35,3.3,7.4,0.449,0.489,2.8,3,0.937,0.3,3.3,3.6,4.8,1.1,0.3,2.1,1.3,17.8
482,Lonnie Walker\walkelo01,SG,22,SAS,37,30,26.2,4.4,10.4,0.425,1.7,4.8,0.356,2.7,5.6,0.483,0.506,1,1.2,0.783,0.2,2.5,2.8,1.6,0.5,0.4,1,2,11.5
483,John Wall\walljo01,PG,30,HOU,33,33,31.9,7.3,18.1,0.404,2,6.2,0.322,5.3,11.8,0.448,0.46,3.9,5.3,0.737,0.5,2.9,3.4,6.8,1.1,0.8,3.3,1.2,20.5
484,Brad Wanamaker\wanambr01,PG,31,TOT,44,0,16.2,1.7,4.6,0.373,0.4,1.6,0.225,1.4,3,0.451,0.412,1.3,1.5,0.892,0.3,1.4,1.7,2.6,0.7,0.1,1,1.5,5.1
484,Brad Wanamaker\wanambr01,PG,31,GSW,39,0,16,1.6,4.4,0.353,0.3,1.6,0.213,1.2,2.9,0.429,0.39,1.3,1.4,0.893,0.2,1.5,1.7,2.5,0.7,0.2,0.9,1.4,4.7
484,Brad Wanamaker\wanambr01,PG,31,CHO,5,0,17.8,3,6.2,0.484,0.6,2,0.3,2.4,4.2,0.571,0.532,1.6,1.8,0.889,0.6,0.8,1.4,3.2,0.8,0,1.8,2,8.2
485,T.J. Warren\warretj01,SF,27,IND,4,4,29.3,6.8,12.8,0.529,0,1.8,0,6.8,11,0.614,0.529,2,2.5,0.8,0.5,3,3.5,1.3,0.5,0,1,4,15.5
486,P.J. Washington\washipj01,PF,22,CHO,46,46,29.5,4.1,9.7,0.425,1.3,3.7,0.367,2.8,6,0.46,0.494,1.9,2.4,0.786,1.5,5,6.5,2.7,1,1.3,2.2,2.7,11.5
487,Yuta Watanabe\watanyu01,SF,26,TOR,33,1,11.8,1,2.7,0.375,0.4,1.3,0.333,0.6,1.4,0.413,0.455,0.3,0.4,0.786,0.9,2.2,3.1,0.5,0.5,0.5,0.3,1,2.8
488,Tremont Waters\watertr01,PG,23,BOS,15,1,7.5,0.8,2.4,0.333,0.4,1.1,0.353,0.4,1.3,0.316,0.417,0.7,0.8,0.917,0.2,0.5,0.7,2.3,0.5,0,0.9,0.4,2.7
489,Paul Watson\watsopa01,SF,26,TOR,24,0,9.8,1,2.3,0.455,0.8,1.8,0.455,0.2,0.5,0.455,0.636,0.1,0.2,0.5,0.1,1.3,1.5,0.5,0.2,0.1,0.3,1.3,3
490,Quinndary Weatherspoon\weathqu01,SG,24,SAS,14,0,4.6,0.4,1.1,0.333,0,0.1,0,0.4,0.9,0.385,0.333,0.4,0.4,0.833,0.1,0.3,0.4,0.3,0.4,0.1,0.6,0.7,1.1
491,Russell Westbrook\westbru01,PG,32,WAS,43,43,35.3,8.3,19,0.436,1.4,4.3,0.321,6.9,14.7,0.469,0.472,3.9,6.3,0.619,1.6,8.9,10.5,10.6,1.2,0.4,5,2.8,21.8
492,Coby White\whiteco01,PG,20,CHI,47,36,31.3,5.4,13.2,0.412,2.2,6.3,0.348,3.2,6.9,0.471,0.495,1.7,1.9,0.9,0.5,4,4.4,4.6,0.5,0.2,2.2,2.6,14.8
493,Derrick White\whitede01,SG,26,SAS,25,21,29,4.8,12.2,0.392,2.1,6.6,0.321,2.7,5.6,0.475,0.479,2.6,3.1,0.857,0.2,2.5,2.8,3.3,0.7,1,1.5,2.7,14.4
494,Hassan Whiteside\whiteha01,C,31,SAC,30,1,14.7,3.4,6.1,0.56,0,0,0,3.4,6.1,0.563,0.56,1.2,2.3,0.529,1.7,4.2,5.9,0.5,0.2,1.4,1.1,1.8,8.1
495,Greg Whittington\whittgr01,PF,27,DEN,4,0,3,0,0.8,0,0,0.5,0,0,0.3,0,0,0,0,,0,0,0,0,0,0,0,0,0
496,Andrew Wiggins\wiggian01,PF,25,GSW,51,51,32.4,6.7,14.3,0.471,2.1,5.3,0.392,4.7,9,0.516,0.543,2.5,3.5,0.7,1,3.8,4.8,2.3,0.9,1,1.9,2.1,18
497,Grant Williams\willigr01,PF,22,BOS,44,8,18.5,1.7,3.8,0.437,0.8,2,0.389,0.9,1.8,0.494,0.542,0.4,0.8,0.528,0.9,2.1,3,1,0.5,0.4,0.8,2.6,4.5
498,Kenrich Williams\willike04,PF,26,OKC,52,10,20.7,3.2,5.8,0.541,0.7,1.7,0.442,2.4,4.2,0.581,0.604,0.5,0.9,0.565,1.3,2.9,4.2,2.2,0.8,0.2,1,2,7.5
499,Lou Williams\willilo02,PG,34,TOT,47,3,22.1,4.4,10.5,0.423,1.1,2.7,0.395,3.3,7.7,0.433,0.475,2.3,2.7,0.858,0.4,1.8,2.1,3.4,0.9,0.1,1.6,1,12.3
499,Lou Williams\willilo02,PG,34,LAC,42,3,21.9,4.3,10.2,0.421,1.1,2.8,0.378,3.2,7.4,0.437,0.473,2.5,2.8,0.866,0.4,1.7,2.1,3.4,0.9,0.1,1.6,1,12.1
499,Lou Williams\willilo02,G,34,ATL,5,0,24.2,5.4,12.4,0.435,1.2,2,0.6,4.2,10.4,0.404,0.484,1.2,1.6,0.75,0.4,2,2.4,3.4,0.8,0.2,1.4,1,13.2
500,Patrick Williams\willipa01,PF,19,CHI,49,49,28.6,3.8,8,0.479,0.8,2.1,0.39,3,5.8,0.512,0.532,1.3,1.8,0.767,1,3.8,4.8,1.3,0.8,0.7,1.4,2,9.8
501,Robert Williams\williro04,C,23,BOS,44,7,18.4,3.5,4.9,0.722,0,0,0,3.5,4.9,0.726,0.722,1,1.5,0.656,2.6,4.3,6.9,1.7,0.9,1.8,1,2.1,8
502,Zion Williamson\willizi01,PF,20,NOP,46,46,32.6,10,16.1,0.62,0.2,0.5,0.375,9.8,15.6,0.628,0.626,6.1,8.6,0.708,2.6,4.4,7,3.5,1,0.7,2.5,2.2,26.3
503,D.J. Wilson\wilsodj01,PF,24,TOT,22,0,10.2,1.6,3.9,0.424,0.9,2.2,0.388,0.8,1.6,0.472,0.535,0.3,0.5,0.7,0.4,2.2,2.6,0.4,0.2,0.4,0.6,1.3,4.5
503,D.J. Wilson\wilsodj01,PF,24,MIL,12,0,8.8,1.3,3.6,0.372,0.8,2.3,0.357,0.5,1.3,0.4,0.488,0.1,0.2,0.5,0.3,1.8,2.1,0.3,0.1,0.3,0.3,1.1,3.6
503,D.J. Wilson\wilsodj01,PF,24,HOU,10,0,11.9,2,4.2,0.476,0.9,2.1,0.429,1.1,2.1,0.524,0.583,0.6,0.8,0.75,0.6,2.6,3.2,0.5,0.3,0.5,0.9,1.6,5.5
504,Dylan Windler\windldy01,SF,24,CLE,31,0,16.5,1.8,4.2,0.438,0.8,2.5,0.338,1,1.7,0.585,0.538,0.7,0.9,0.778,0.6,2.8,3.5,1.1,0.6,0.4,1,1.2,5.2
505,Justise Winslow\winslju01,SF,24,MEM,16,0,21.1,3.1,9.1,0.342,0.3,2.6,0.122,2.8,6.6,0.429,0.36,0.6,1,0.563,0.8,4,4.8,1.8,0.8,0.4,1.6,2,7.1
506,Cassius Winston\winstca01,PG,22,WAS,14,0,5.6,0.6,1.6,0.409,0.5,0.9,0.538,0.1,0.6,0.222,0.568,0.3,0.3,1,0,0.5,0.5,0.7,0.1,0.1,0.1,0.5,2.1
507,James Wiseman\wisemja01,C,19,GSW,37,25,21.8,4.8,9.5,0.509,0.3,1,0.324,4.5,8.5,0.53,0.526,1.5,2.3,0.643,1.5,4.5,5.9,0.7,0.3,1,1.6,3.2,11.5
508,Christian Wood\woodch01,C,25,HOU,28,28,31.6,8.1,15.4,0.524,1.8,4.7,0.382,6.3,10.7,0.587,0.582,3,4.6,0.654,1.7,7.9,9.6,1.4,0.9,1.3,1.8,2,21
509,Robert Woodard\woodaro01,SF,21,SAC,11,0,2.6,0.6,1.3,0.5,0.1,0.4,0.25,0.5,0.9,0.6,0.536,0.3,0.7,0.375,0.3,0.7,1,0,0,0.2,0.1,0.2,1.6
510,Delon Wright\wrighde01,SG-PG,28,TOT,43,31,27.9,3.6,7.9,0.456,0.9,2.5,0.349,2.7,5.4,0.504,0.51,1.9,2.4,0.806,1,3.3,4.3,4.6,1.5,0.4,1.2,1.1,10
510,Delon Wright\wrighde01,SG,28,DET,36,31,29.2,3.8,8.1,0.464,0.9,2.5,0.348,2.9,5.7,0.515,0.517,2,2.5,0.789,1,3.5,4.6,5,1.6,0.5,1.3,1.3,10.4
510,Delon Wright\wrighde01,PG,28,SAC,7,0,21.1,2.6,6.4,0.4,0.9,2.4,0.353,1.7,4,0.429,0.467,1.7,1.9,0.923,0.9,2.3,3.1,2.1,0.9,0,0.7,0.6,7.7
511,Thaddeus Young\youngth01,PF,32,CHI,46,13,25.1,5.7,9.7,0.583,0.1,0.5,0.24,5.5,9.2,0.603,0.59,1,1.7,0.623,2.5,4,6.5,4.4,1.2,0.6,2,2.5,12.5
512,Trae Young\youngtr01,PG,22,ATL,49,49,34.2,7.6,17.7,0.431,2.4,6.5,0.365,5.2,11.2,0.469,0.498,7.5,8.6,0.87,0.7,3.2,3.9,9.5,0.8,0.2,4.3,2,25.1
513,Cody Zeller\zelleco01,C,28,CHO,31,20,21.7,3.8,7.1,0.532,0.1,0.7,0.136,3.7,6.4,0.576,0.539,1.6,2.3,0.708,2.6,4.5,7.2,2,0.7,0.4,0.9,2.3,9.3
514,Ivica Zubac\zubaciv01,C,23,LAC,53,14,21.8,3.4,5.3,0.642,0,0.1,0,3.4,5.2,0.649,0.642,1.9,2.3,0.818,2.7,4.5,7.2,1.1,0.4,0.9,1.1,2.6,8.6